method_id,domain,anchor_pct,rep_feature,feature,channel,w_orig,family
es_svd_ms_rr_r1,math,10,tok_conf_prefix::raw,tok_conf_prefix,raw,0.210144092146856,confidence
es_svd_ms_rr_r1,math,10,tok_conf_recency::raw,tok_conf_recency,raw,0.20571069867233663,confidence
es_svd_ms_rr_r1,math,10,tok_gini_prefix::raw,tok_gini_prefix,raw,-1.2729526226996695,uncertainty
es_svd_ms_rr_r1,math,10,tok_gini_tail::raw,tok_gini_tail,raw,-1.2983304128485869,uncertainty
es_svd_ms_rr_r1,math,10,tok_gini_slope::raw,tok_gini_slope,raw,-3.743216820268781,uncertainty
es_svd_ms_rr_r1,math,10,tok_neg_entropy_prefix::raw,tok_neg_entropy_prefix,raw,-0.2834117246035266,uncertainty
es_svd_ms_rr_r1,math,10,tok_neg_entropy_recency::raw,tok_neg_entropy_recency,raw,-0.38093094277354406,uncertainty
es_svd_ms_rr_r1,math,10,tok_selfcert_prefix::raw,tok_selfcert_prefix,raw,-0.28341172460351804,self_cert_logprob
es_svd_ms_rr_r1,math,10,tok_selfcert_recency::raw,tok_selfcert_recency,raw,-0.3809309427735737,self_cert_logprob
es_svd_ms_rr_r1,math,10,tok_logprob_prefix::raw,tok_logprob_prefix,raw,-0.44608534132775624,self_cert_logprob
es_svd_ms_rr_r1,math,10,tok_logprob_recency::raw,tok_logprob_recency,raw,-0.616477454321084,self_cert_logprob
es_svd_ms_rr_r1,math,10,traj_continuity::raw,traj_continuity,raw,38.748145769316785,trajectory
es_svd_ms_rr_r1,math,10,traj_reflection_count::raw,traj_reflection_count,raw,0.23939022622142905,trajectory
es_svd_ms_rr_r1,math,10,traj_novelty::raw,traj_novelty,raw,-30.636401361063943,trajectory
es_svd_ms_rr_r1,math,10,traj_max_reflection::raw,traj_max_reflection,raw,4.117342508356014,trajectory
es_svd_ms_rr_r1,math,10,traj_late_convergence::raw,traj_late_convergence,raw,0.04310064869674118,trajectory
es_svd_ms_rr_r1,math,10,has_tok_conf::raw,has_tok_conf,raw,-6.173783784172514e-17,availability_meta
es_svd_ms_rr_r1,math,10,has_tok_gini::raw,has_tok_gini,raw,-3.108490614358705e-17,availability_meta
es_svd_ms_rr_r1,math,10,has_tok_neg_entropy::raw,has_tok_neg_entropy,raw,-6.213632108106155e-17,availability_meta
es_svd_ms_rr_r1,math,10,has_tok_selfcert::raw,has_tok_selfcert,raw,-6.217510103489782e-17,availability_meta
es_svd_ms_rr_r1,math,10,has_tok_logprob::raw,has_tok_logprob,raw,2.407108945845742e-21,availability_meta
es_svd_ms_rr_r1,math,10,has_rows_bank::raw,has_rows_bank,raw,-9.708840480250177e-19,availability_meta
es_svd_ms_rr_r1,math,10,tok_conf_prefix::rank,tok_conf_prefix,rank,0.1568466308274384,confidence
es_svd_ms_rr_r1,math,10,tok_conf_recency::rank,tok_conf_recency,rank,0.17882600938798252,confidence
es_svd_ms_rr_r1,math,10,tok_gini_prefix::rank,tok_gini_prefix,rank,0.48411033270682163,uncertainty
es_svd_ms_rr_r1,math,10,tok_gini_tail::rank,tok_gini_tail,rank,0.28489950437816786,uncertainty
es_svd_ms_rr_r1,math,10,tok_gini_slope::rank,tok_gini_slope,rank,0.2205292191228869,uncertainty
es_svd_ms_rr_r1,math,10,tok_neg_entropy_prefix::rank,tok_neg_entropy_prefix,rank,0.5353053219266936,uncertainty
es_svd_ms_rr_r1,math,10,tok_neg_entropy_recency::rank,tok_neg_entropy_recency,rank,0.5513692759673678,uncertainty
es_svd_ms_rr_r1,math,10,tok_selfcert_prefix::rank,tok_selfcert_prefix,rank,0.5353053219266936,self_cert_logprob
es_svd_ms_rr_r1,math,10,tok_selfcert_recency::rank,tok_selfcert_recency,rank,0.5513692759673678,self_cert_logprob
es_svd_ms_rr_r1,math,10,tok_logprob_prefix::rank,tok_logprob_prefix,rank,-1.5037356559677257,self_cert_logprob
es_svd_ms_rr_r1,math,10,tok_logprob_recency::rank,tok_logprob_recency,rank,-1.4392286900731808,self_cert_logprob
es_svd_ms_rr_r1,math,10,traj_continuity::rank,traj_continuity,rank,-1.7548133785722178,trajectory
es_svd_ms_rr_r1,math,10,traj_reflection_count::rank,traj_reflection_count,rank,-1.3407649412117475,trajectory
es_svd_ms_rr_r1,math,10,traj_novelty::rank,traj_novelty,rank,-0.7301902351056618,trajectory
es_svd_ms_rr_r1,math,10,traj_max_reflection::rank,traj_max_reflection,rank,-0.7317079369667612,trajectory
es_svd_ms_rr_r1,math,10,traj_late_convergence::rank,traj_late_convergence,rank,-0.1720290695785059,trajectory
es_svd_ms_rr_r1,math,10,has_tok_conf::rank,has_tok_conf,rank,0.03707465528688184,availability_meta
es_svd_ms_rr_r1,math,10,has_tok_gini::rank,has_tok_gini,rank,0.03707465528688184,availability_meta
es_svd_ms_rr_r1,math,10,has_tok_neg_entropy::rank,has_tok_neg_entropy,rank,0.03707465528688184,availability_meta
es_svd_ms_rr_r1,math,10,has_tok_selfcert::rank,has_tok_selfcert,rank,0.037074655286881836,availability_meta
es_svd_ms_rr_r1,math,10,has_tok_logprob::rank,has_tok_logprob,rank,0.03707465528688181,availability_meta
es_svd_ms_rr_r1,math,10,has_rows_bank::rank,has_rows_bank,rank,0.03707465528688178,availability_meta
es_svd_ms_rr_r1,math,10,tok_conf_prefix::raw,tok_conf_prefix,raw,0.210144092146856,confidence
es_svd_ms_rr_r1,math,10,tok_conf_recency::raw,tok_conf_recency,raw,0.20571069867233663,confidence
es_svd_ms_rr_r1,math,10,tok_gini_prefix::raw,tok_gini_prefix,raw,-1.2729526226996695,uncertainty
es_svd_ms_rr_r1,math,10,tok_gini_tail::raw,tok_gini_tail,raw,-1.2983304128485869,uncertainty
es_svd_ms_rr_r1,math,10,tok_gini_slope::raw,tok_gini_slope,raw,-3.743216820268781,uncertainty
es_svd_ms_rr_r1,math,10,tok_neg_entropy_prefix::raw,tok_neg_entropy_prefix,raw,-0.2834117246035266,uncertainty
es_svd_ms_rr_r1,math,10,tok_neg_entropy_recency::raw,tok_neg_entropy_recency,raw,-0.38093094277354406,uncertainty
es_svd_ms_rr_r1,math,10,tok_selfcert_prefix::raw,tok_selfcert_prefix,raw,-0.28341172460351804,self_cert_logprob
es_svd_ms_rr_r1,math,10,tok_selfcert_recency::raw,tok_selfcert_recency,raw,-0.3809309427735737,self_cert_logprob
es_svd_ms_rr_r1,math,10,tok_logprob_prefix::raw,tok_logprob_prefix,raw,-0.44608534132775624,self_cert_logprob
es_svd_ms_rr_r1,math,10,tok_logprob_recency::raw,tok_logprob_recency,raw,-0.616477454321084,self_cert_logprob
es_svd_ms_rr_r1,math,10,traj_continuity::raw,traj_continuity,raw,38.748145769316785,trajectory
es_svd_ms_rr_r1,math,10,traj_reflection_count::raw,traj_reflection_count,raw,0.23939022622142905,trajectory
es_svd_ms_rr_r1,math,10,traj_novelty::raw,traj_novelty,raw,-30.636401361063943,trajectory
es_svd_ms_rr_r1,math,10,traj_max_reflection::raw,traj_max_reflection,raw,4.117342508356014,trajectory
es_svd_ms_rr_r1,math,10,traj_late_convergence::raw,traj_late_convergence,raw,0.04310064869674118,trajectory
es_svd_ms_rr_r1,math,10,has_tok_conf::raw,has_tok_conf,raw,-6.173783784172514e-17,availability_meta
es_svd_ms_rr_r1,math,10,has_tok_gini::raw,has_tok_gini,raw,-3.108490614358705e-17,availability_meta
es_svd_ms_rr_r1,math,10,has_tok_neg_entropy::raw,has_tok_neg_entropy,raw,-6.213632108106155e-17,availability_meta
es_svd_ms_rr_r1,math,10,has_tok_selfcert::raw,has_tok_selfcert,raw,-6.217510103489782e-17,availability_meta
es_svd_ms_rr_r1,math,10,has_tok_logprob::raw,has_tok_logprob,raw,2.407108945845742e-21,availability_meta
es_svd_ms_rr_r1,math,10,has_rows_bank::raw,has_rows_bank,raw,-9.708840480250177e-19,availability_meta
es_svd_ms_rr_r1,math,10,tok_conf_prefix::rank,tok_conf_prefix,rank,0.1568466308274384,confidence
es_svd_ms_rr_r1,math,10,tok_conf_recency::rank,tok_conf_recency,rank,0.17882600938798252,confidence
es_svd_ms_rr_r1,math,10,tok_gini_prefix::rank,tok_gini_prefix,rank,0.48411033270682163,uncertainty
es_svd_ms_rr_r1,math,10,tok_gini_tail::rank,tok_gini_tail,rank,0.28489950437816786,uncertainty
es_svd_ms_rr_r1,math,10,tok_gini_slope::rank,tok_gini_slope,rank,0.2205292191228869,uncertainty
es_svd_ms_rr_r1,math,10,tok_neg_entropy_prefix::rank,tok_neg_entropy_prefix,rank,0.5353053219266936,uncertainty
es_svd_ms_rr_r1,math,10,tok_neg_entropy_recency::rank,tok_neg_entropy_recency,rank,0.5513692759673678,uncertainty
es_svd_ms_rr_r1,math,10,tok_selfcert_prefix::rank,tok_selfcert_prefix,rank,0.5353053219266936,self_cert_logprob
es_svd_ms_rr_r1,math,10,tok_selfcert_recency::rank,tok_selfcert_recency,rank,0.5513692759673678,self_cert_logprob
es_svd_ms_rr_r1,math,10,tok_logprob_prefix::rank,tok_logprob_prefix,rank,-1.5037356559677257,self_cert_logprob
es_svd_ms_rr_r1,math,10,tok_logprob_recency::rank,tok_logprob_recency,rank,-1.4392286900731808,self_cert_logprob
es_svd_ms_rr_r1,math,10,traj_continuity::rank,traj_continuity,rank,-1.7548133785722178,trajectory
es_svd_ms_rr_r1,math,10,traj_reflection_count::rank,traj_reflection_count,rank,-1.3407649412117475,trajectory
es_svd_ms_rr_r1,math,10,traj_novelty::rank,traj_novelty,rank,-0.7301902351056618,trajectory
es_svd_ms_rr_r1,math,10,traj_max_reflection::rank,traj_max_reflection,rank,-0.7317079369667612,trajectory
es_svd_ms_rr_r1,math,10,traj_late_convergence::rank,traj_late_convergence,rank,-0.1720290695785059,trajectory
es_svd_ms_rr_r1,math,10,has_tok_conf::rank,has_tok_conf,rank,0.03707465528688184,availability_meta
es_svd_ms_rr_r1,math,10,has_tok_gini::rank,has_tok_gini,rank,0.03707465528688184,availability_meta
es_svd_ms_rr_r1,math,10,has_tok_neg_entropy::rank,has_tok_neg_entropy,rank,0.03707465528688184,availability_meta
es_svd_ms_rr_r1,math,10,has_tok_selfcert::rank,has_tok_selfcert,rank,0.037074655286881836,availability_meta
es_svd_ms_rr_r1,math,10,has_tok_logprob::rank,has_tok_logprob,rank,0.03707465528688181,availability_meta
es_svd_ms_rr_r1,math,10,has_rows_bank::rank,has_rows_bank,rank,0.03707465528688178,availability_meta
es_svd_ms_rr_r1,math,10,tok_conf_prefix::raw,tok_conf_prefix,raw,0.210144092146856,confidence
es_svd_ms_rr_r1,math,10,tok_conf_recency::raw,tok_conf_recency,raw,0.20571069867233663,confidence
es_svd_ms_rr_r1,math,10,tok_gini_prefix::raw,tok_gini_prefix,raw,-1.2729526226996695,uncertainty
es_svd_ms_rr_r1,math,10,tok_gini_tail::raw,tok_gini_tail,raw,-1.2983304128485869,uncertainty
es_svd_ms_rr_r1,math,10,tok_gini_slope::raw,tok_gini_slope,raw,-3.743216820268781,uncertainty
es_svd_ms_rr_r1,math,10,tok_neg_entropy_prefix::raw,tok_neg_entropy_prefix,raw,-0.2834117246035266,uncertainty
es_svd_ms_rr_r1,math,10,tok_neg_entropy_recency::raw,tok_neg_entropy_recency,raw,-0.38093094277354406,uncertainty
es_svd_ms_rr_r1,math,10,tok_selfcert_prefix::raw,tok_selfcert_prefix,raw,-0.28341172460351804,self_cert_logprob
es_svd_ms_rr_r1,math,10,tok_selfcert_recency::raw,tok_selfcert_recency,raw,-0.3809309427735737,self_cert_logprob
es_svd_ms_rr_r1,math,10,tok_logprob_prefix::raw,tok_logprob_prefix,raw,-0.44608534132775624,self_cert_logprob
es_svd_ms_rr_r1,math,10,tok_logprob_recency::raw,tok_logprob_recency,raw,-0.616477454321084,self_cert_logprob
es_svd_ms_rr_r1,math,10,traj_continuity::raw,traj_continuity,raw,38.748145769316785,trajectory
es_svd_ms_rr_r1,math,10,traj_reflection_count::raw,traj_reflection_count,raw,0.23939022622142905,trajectory
es_svd_ms_rr_r1,math,10,traj_novelty::raw,traj_novelty,raw,-30.636401361063943,trajectory
es_svd_ms_rr_r1,math,10,traj_max_reflection::raw,traj_max_reflection,raw,4.117342508356014,trajectory
es_svd_ms_rr_r1,math,10,traj_late_convergence::raw,traj_late_convergence,raw,0.04310064869674118,trajectory
es_svd_ms_rr_r1,math,10,has_tok_conf::raw,has_tok_conf,raw,-6.173783784172514e-17,availability_meta
es_svd_ms_rr_r1,math,10,has_tok_gini::raw,has_tok_gini,raw,-3.108490614358705e-17,availability_meta
es_svd_ms_rr_r1,math,10,has_tok_neg_entropy::raw,has_tok_neg_entropy,raw,-6.213632108106155e-17,availability_meta
es_svd_ms_rr_r1,math,10,has_tok_selfcert::raw,has_tok_selfcert,raw,-6.217510103489782e-17,availability_meta
es_svd_ms_rr_r1,math,10,has_tok_logprob::raw,has_tok_logprob,raw,2.407108945845742e-21,availability_meta
es_svd_ms_rr_r1,math,10,has_rows_bank::raw,has_rows_bank,raw,-9.708840480250177e-19,availability_meta
es_svd_ms_rr_r1,math,10,tok_conf_prefix::rank,tok_conf_prefix,rank,0.1568466308274384,confidence
es_svd_ms_rr_r1,math,10,tok_conf_recency::rank,tok_conf_recency,rank,0.17882600938798252,confidence
es_svd_ms_rr_r1,math,10,tok_gini_prefix::rank,tok_gini_prefix,rank,0.48411033270682163,uncertainty
es_svd_ms_rr_r1,math,10,tok_gini_tail::rank,tok_gini_tail,rank,0.28489950437816786,uncertainty
es_svd_ms_rr_r1,math,10,tok_gini_slope::rank,tok_gini_slope,rank,0.2205292191228869,uncertainty
es_svd_ms_rr_r1,math,10,tok_neg_entropy_prefix::rank,tok_neg_entropy_prefix,rank,0.5353053219266936,uncertainty
es_svd_ms_rr_r1,math,10,tok_neg_entropy_recency::rank,tok_neg_entropy_recency,rank,0.5513692759673678,uncertainty
es_svd_ms_rr_r1,math,10,tok_selfcert_prefix::rank,tok_selfcert_prefix,rank,0.5353053219266936,self_cert_logprob
es_svd_ms_rr_r1,math,10,tok_selfcert_recency::rank,tok_selfcert_recency,rank,0.5513692759673678,self_cert_logprob
es_svd_ms_rr_r1,math,10,tok_logprob_prefix::rank,tok_logprob_prefix,rank,-1.5037356559677257,self_cert_logprob
es_svd_ms_rr_r1,math,10,tok_logprob_recency::rank,tok_logprob_recency,rank,-1.4392286900731808,self_cert_logprob
es_svd_ms_rr_r1,math,10,traj_continuity::rank,traj_continuity,rank,-1.7548133785722178,trajectory
es_svd_ms_rr_r1,math,10,traj_reflection_count::rank,traj_reflection_count,rank,-1.3407649412117475,trajectory
es_svd_ms_rr_r1,math,10,traj_novelty::rank,traj_novelty,rank,-0.7301902351056618,trajectory
es_svd_ms_rr_r1,math,10,traj_max_reflection::rank,traj_max_reflection,rank,-0.7317079369667612,trajectory
es_svd_ms_rr_r1,math,10,traj_late_convergence::rank,traj_late_convergence,rank,-0.1720290695785059,trajectory
es_svd_ms_rr_r1,math,10,has_tok_conf::rank,has_tok_conf,rank,0.03707465528688184,availability_meta
es_svd_ms_rr_r1,math,10,has_tok_gini::rank,has_tok_gini,rank,0.03707465528688184,availability_meta
es_svd_ms_rr_r1,math,10,has_tok_neg_entropy::rank,has_tok_neg_entropy,rank,0.03707465528688184,availability_meta
es_svd_ms_rr_r1,math,10,has_tok_selfcert::rank,has_tok_selfcert,rank,0.037074655286881836,availability_meta
es_svd_ms_rr_r1,math,10,has_tok_logprob::rank,has_tok_logprob,rank,0.03707465528688181,availability_meta
es_svd_ms_rr_r1,math,10,has_rows_bank::rank,has_rows_bank,rank,0.03707465528688178,availability_meta
es_svd_ms_rr_r1,math,40,tok_conf_prefix::raw,tok_conf_prefix,raw,0.14237514804211135,confidence
es_svd_ms_rr_r1,math,40,tok_conf_recency::raw,tok_conf_recency,raw,0.15080354408310448,confidence
es_svd_ms_rr_r1,math,40,tok_gini_prefix::raw,tok_gini_prefix,raw,-0.292165996252303,uncertainty
es_svd_ms_rr_r1,math,40,tok_gini_tail::raw,tok_gini_tail,raw,-1.6690216803390483,uncertainty
es_svd_ms_rr_r1,math,40,tok_gini_slope::raw,tok_gini_slope,raw,0.08181509505955685,uncertainty
es_svd_ms_rr_r1,math,40,tok_neg_entropy_prefix::raw,tok_neg_entropy_prefix,raw,-0.5341881752572408,uncertainty
es_svd_ms_rr_r1,math,40,tok_neg_entropy_recency::raw,tok_neg_entropy_recency,raw,-0.5356915866402909,uncertainty
es_svd_ms_rr_r1,math,40,tok_selfcert_prefix::raw,tok_selfcert_prefix,raw,-0.5341881752572543,self_cert_logprob
es_svd_ms_rr_r1,math,40,tok_selfcert_recency::raw,tok_selfcert_recency,raw,-0.5356915866403504,self_cert_logprob
es_svd_ms_rr_r1,math,40,tok_logprob_prefix::raw,tok_logprob_prefix,raw,-0.7283513717099414,self_cert_logprob
es_svd_ms_rr_r1,math,40,tok_logprob_recency::raw,tok_logprob_recency,raw,-0.7333423044835689,self_cert_logprob
es_svd_ms_rr_r1,math,40,traj_continuity::raw,traj_continuity,raw,49.140744210270476,trajectory
es_svd_ms_rr_r1,math,40,traj_reflection_count::raw,traj_reflection_count,raw,0.0731989107673934,trajectory
es_svd_ms_rr_r1,math,40,traj_novelty::raw,traj_novelty,raw,-45.82528330327998,trajectory
es_svd_ms_rr_r1,math,40,traj_max_reflection::raw,traj_max_reflection,raw,-6.907166945718565,trajectory
es_svd_ms_rr_r1,math,40,traj_late_convergence::raw,traj_late_convergence,raw,0.10995644203329626,trajectory
es_svd_ms_rr_r1,math,40,has_tok_conf::raw,has_tok_conf,raw,-7.381328191051259e-17,availability_meta
es_svd_ms_rr_r1,math,40,has_tok_gini::raw,has_tok_gini,raw,-3.769426032607642e-17,availability_meta
es_svd_ms_rr_r1,math,40,has_tok_neg_entropy::raw,has_tok_neg_entropy,raw,4.448150056678418e-20,availability_meta
es_svd_ms_rr_r1,math,40,has_tok_selfcert::raw,has_tok_selfcert,raw,-1.431369919460958e-19,availability_meta
es_svd_ms_rr_r1,math,40,has_tok_logprob::raw,has_tok_logprob,raw,-1.733076348526896e-22,availability_meta
es_svd_ms_rr_r1,math,40,has_rows_bank::raw,has_rows_bank,raw,-2.2581107599242973e-21,availability_meta
es_svd_ms_rr_r1,math,40,tok_conf_prefix::rank,tok_conf_prefix,rank,0.18852212124261455,confidence
es_svd_ms_rr_r1,math,40,tok_conf_recency::rank,tok_conf_recency,rank,0.19477138030906913,confidence
es_svd_ms_rr_r1,math,40,tok_gini_prefix::rank,tok_gini_prefix,rank,-0.03792647029598227,uncertainty
es_svd_ms_rr_r1,math,40,tok_gini_tail::rank,tok_gini_tail,rank,0.15089056107090681,uncertainty
es_svd_ms_rr_r1,math,40,tok_gini_slope::rank,tok_gini_slope,rank,-0.08138558248074397,uncertainty
es_svd_ms_rr_r1,math,40,tok_neg_entropy_prefix::rank,tok_neg_entropy_prefix,rank,-0.007539911324712483,uncertainty
es_svd_ms_rr_r1,math,40,tok_neg_entropy_recency::rank,tok_neg_entropy_recency,rank,-0.007025697983303018,uncertainty
es_svd_ms_rr_r1,math,40,tok_selfcert_prefix::rank,tok_selfcert_prefix,rank,-0.007539911324712483,self_cert_logprob
es_svd_ms_rr_r1,math,40,tok_selfcert_recency::rank,tok_selfcert_recency,rank,-0.007025697983303018,self_cert_logprob
es_svd_ms_rr_r1,math,40,tok_logprob_prefix::rank,tok_logprob_prefix,rank,-0.11092167144064057,self_cert_logprob
es_svd_ms_rr_r1,math,40,tok_logprob_recency::rank,tok_logprob_recency,rank,-0.09293218689212494,self_cert_logprob
es_svd_ms_rr_r1,math,40,traj_continuity::rank,traj_continuity,rank,-1.5810496811319161,trajectory
es_svd_ms_rr_r1,math,40,traj_reflection_count::rank,traj_reflection_count,rank,-1.6787475214109124,trajectory
es_svd_ms_rr_r1,math,40,traj_novelty::rank,traj_novelty,rank,-0.7405479238373103,trajectory
es_svd_ms_rr_r1,math,40,traj_max_reflection::rank,traj_max_reflection,rank,1.6317286211681779,trajectory
es_svd_ms_rr_r1,math,40,traj_late_convergence::rank,traj_late_convergence,rank,0.06861927430652652,trajectory
es_svd_ms_rr_r1,math,40,has_tok_conf::rank,has_tok_conf,rank,-0.002934355292446747,availability_meta
es_svd_ms_rr_r1,math,40,has_tok_gini::rank,has_tok_gini,rank,-0.002934355292446747,availability_meta
es_svd_ms_rr_r1,math,40,has_tok_neg_entropy::rank,has_tok_neg_entropy,rank,-0.002934355292446747,availability_meta
es_svd_ms_rr_r1,math,40,has_tok_selfcert::rank,has_tok_selfcert,rank,-0.0029343552924467942,availability_meta
es_svd_ms_rr_r1,math,40,has_tok_logprob::rank,has_tok_logprob,rank,-0.0029343552924465813,availability_meta
es_svd_ms_rr_r1,math,40,has_rows_bank::rank,has_rows_bank,rank,-0.0029343552924465813,availability_meta
es_svd_ms_rr_r1,math,40,tok_conf_prefix::raw,tok_conf_prefix,raw,0.14237514804211135,confidence
es_svd_ms_rr_r1,math,40,tok_conf_recency::raw,tok_conf_recency,raw,0.15080354408310448,confidence
es_svd_ms_rr_r1,math,40,tok_gini_prefix::raw,tok_gini_prefix,raw,-0.292165996252303,uncertainty
es_svd_ms_rr_r1,math,40,tok_gini_tail::raw,tok_gini_tail,raw,-1.6690216803390483,uncertainty
es_svd_ms_rr_r1,math,40,tok_gini_slope::raw,tok_gini_slope,raw,0.08181509505955685,uncertainty
es_svd_ms_rr_r1,math,40,tok_neg_entropy_prefix::raw,tok_neg_entropy_prefix,raw,-0.5341881752572408,uncertainty
es_svd_ms_rr_r1,math,40,tok_neg_entropy_recency::raw,tok_neg_entropy_recency,raw,-0.5356915866402909,uncertainty
es_svd_ms_rr_r1,math,40,tok_selfcert_prefix::raw,tok_selfcert_prefix,raw,-0.5341881752572543,self_cert_logprob
es_svd_ms_rr_r1,math,40,tok_selfcert_recency::raw,tok_selfcert_recency,raw,-0.5356915866403504,self_cert_logprob
es_svd_ms_rr_r1,math,40,tok_logprob_prefix::raw,tok_logprob_prefix,raw,-0.7283513717099414,self_cert_logprob
es_svd_ms_rr_r1,math,40,tok_logprob_recency::raw,tok_logprob_recency,raw,-0.7333423044835689,self_cert_logprob
es_svd_ms_rr_r1,math,40,traj_continuity::raw,traj_continuity,raw,49.140744210270476,trajectory
es_svd_ms_rr_r1,math,40,traj_reflection_count::raw,traj_reflection_count,raw,0.0731989107673934,trajectory
es_svd_ms_rr_r1,math,40,traj_novelty::raw,traj_novelty,raw,-45.82528330327998,trajectory
es_svd_ms_rr_r1,math,40,traj_max_reflection::raw,traj_max_reflection,raw,-6.907166945718565,trajectory
es_svd_ms_rr_r1,math,40,traj_late_convergence::raw,traj_late_convergence,raw,0.10995644203329626,trajectory
es_svd_ms_rr_r1,math,40,has_tok_conf::raw,has_tok_conf,raw,-7.381328191051259e-17,availability_meta
es_svd_ms_rr_r1,math,40,has_tok_gini::raw,has_tok_gini,raw,-3.769426032607642e-17,availability_meta
es_svd_ms_rr_r1,math,40,has_tok_neg_entropy::raw,has_tok_neg_entropy,raw,4.448150056678418e-20,availability_meta
es_svd_ms_rr_r1,math,40,has_tok_selfcert::raw,has_tok_selfcert,raw,-1.431369919460958e-19,availability_meta
es_svd_ms_rr_r1,math,40,has_tok_logprob::raw,has_tok_logprob,raw,-1.733076348526896e-22,availability_meta
es_svd_ms_rr_r1,math,40,has_rows_bank::raw,has_rows_bank,raw,-2.2581107599242973e-21,availability_meta
es_svd_ms_rr_r1,math,40,tok_conf_prefix::rank,tok_conf_prefix,rank,0.18852212124261455,confidence
es_svd_ms_rr_r1,math,40,tok_conf_recency::rank,tok_conf_recency,rank,0.19477138030906913,confidence
es_svd_ms_rr_r1,math,40,tok_gini_prefix::rank,tok_gini_prefix,rank,-0.03792647029598227,uncertainty
es_svd_ms_rr_r1,math,40,tok_gini_tail::rank,tok_gini_tail,rank,0.15089056107090681,uncertainty
es_svd_ms_rr_r1,math,40,tok_gini_slope::rank,tok_gini_slope,rank,-0.08138558248074397,uncertainty
es_svd_ms_rr_r1,math,40,tok_neg_entropy_prefix::rank,tok_neg_entropy_prefix,rank,-0.007539911324712483,uncertainty
es_svd_ms_rr_r1,math,40,tok_neg_entropy_recency::rank,tok_neg_entropy_recency,rank,-0.007025697983303018,uncertainty
es_svd_ms_rr_r1,math,40,tok_selfcert_prefix::rank,tok_selfcert_prefix,rank,-0.007539911324712483,self_cert_logprob
es_svd_ms_rr_r1,math,40,tok_selfcert_recency::rank,tok_selfcert_recency,rank,-0.007025697983303018,self_cert_logprob
es_svd_ms_rr_r1,math,40,tok_logprob_prefix::rank,tok_logprob_prefix,rank,-0.11092167144064057,self_cert_logprob
es_svd_ms_rr_r1,math,40,tok_logprob_recency::rank,tok_logprob_recency,rank,-0.09293218689212494,self_cert_logprob
es_svd_ms_rr_r1,math,40,traj_continuity::rank,traj_continuity,rank,-1.5810496811319161,trajectory
es_svd_ms_rr_r1,math,40,traj_reflection_count::rank,traj_reflection_count,rank,-1.6787475214109124,trajectory
es_svd_ms_rr_r1,math,40,traj_novelty::rank,traj_novelty,rank,-0.7405479238373103,trajectory
es_svd_ms_rr_r1,math,40,traj_max_reflection::rank,traj_max_reflection,rank,1.6317286211681779,trajectory
es_svd_ms_rr_r1,math,40,traj_late_convergence::rank,traj_late_convergence,rank,0.06861927430652652,trajectory
es_svd_ms_rr_r1,math,40,has_tok_conf::rank,has_tok_conf,rank,-0.002934355292446747,availability_meta
es_svd_ms_rr_r1,math,40,has_tok_gini::rank,has_tok_gini,rank,-0.002934355292446747,availability_meta
es_svd_ms_rr_r1,math,40,has_tok_neg_entropy::rank,has_tok_neg_entropy,rank,-0.002934355292446747,availability_meta
es_svd_ms_rr_r1,math,40,has_tok_selfcert::rank,has_tok_selfcert,rank,-0.0029343552924467942,availability_meta
es_svd_ms_rr_r1,math,40,has_tok_logprob::rank,has_tok_logprob,rank,-0.0029343552924465813,availability_meta
es_svd_ms_rr_r1,math,40,has_rows_bank::rank,has_rows_bank,rank,-0.0029343552924465813,availability_meta
es_svd_ms_rr_r1,math,40,tok_conf_prefix::raw,tok_conf_prefix,raw,0.14237514804211135,confidence
es_svd_ms_rr_r1,math,40,tok_conf_recency::raw,tok_conf_recency,raw,0.15080354408310448,confidence
es_svd_ms_rr_r1,math,40,tok_gini_prefix::raw,tok_gini_prefix,raw,-0.292165996252303,uncertainty
es_svd_ms_rr_r1,math,40,tok_gini_tail::raw,tok_gini_tail,raw,-1.6690216803390483,uncertainty
es_svd_ms_rr_r1,math,40,tok_gini_slope::raw,tok_gini_slope,raw,0.08181509505955685,uncertainty
es_svd_ms_rr_r1,math,40,tok_neg_entropy_prefix::raw,tok_neg_entropy_prefix,raw,-0.5341881752572408,uncertainty
es_svd_ms_rr_r1,math,40,tok_neg_entropy_recency::raw,tok_neg_entropy_recency,raw,-0.5356915866402909,uncertainty
es_svd_ms_rr_r1,math,40,tok_selfcert_prefix::raw,tok_selfcert_prefix,raw,-0.5341881752572543,self_cert_logprob
es_svd_ms_rr_r1,math,40,tok_selfcert_recency::raw,tok_selfcert_recency,raw,-0.5356915866403504,self_cert_logprob
es_svd_ms_rr_r1,math,40,tok_logprob_prefix::raw,tok_logprob_prefix,raw,-0.7283513717099414,self_cert_logprob
es_svd_ms_rr_r1,math,40,tok_logprob_recency::raw,tok_logprob_recency,raw,-0.7333423044835689,self_cert_logprob
es_svd_ms_rr_r1,math,40,traj_continuity::raw,traj_continuity,raw,49.140744210270476,trajectory
es_svd_ms_rr_r1,math,40,traj_reflection_count::raw,traj_reflection_count,raw,0.0731989107673934,trajectory
es_svd_ms_rr_r1,math,40,traj_novelty::raw,traj_novelty,raw,-45.82528330327998,trajectory
es_svd_ms_rr_r1,math,40,traj_max_reflection::raw,traj_max_reflection,raw,-6.907166945718565,trajectory
es_svd_ms_rr_r1,math,40,traj_late_convergence::raw,traj_late_convergence,raw,0.10995644203329626,trajectory
es_svd_ms_rr_r1,math,40,has_tok_conf::raw,has_tok_conf,raw,-7.381328191051259e-17,availability_meta
es_svd_ms_rr_r1,math,40,has_tok_gini::raw,has_tok_gini,raw,-3.769426032607642e-17,availability_meta
es_svd_ms_rr_r1,math,40,has_tok_neg_entropy::raw,has_tok_neg_entropy,raw,4.448150056678418e-20,availability_meta
es_svd_ms_rr_r1,math,40,has_tok_selfcert::raw,has_tok_selfcert,raw,-1.431369919460958e-19,availability_meta
es_svd_ms_rr_r1,math,40,has_tok_logprob::raw,has_tok_logprob,raw,-1.733076348526896e-22,availability_meta
es_svd_ms_rr_r1,math,40,has_rows_bank::raw,has_rows_bank,raw,-2.2581107599242973e-21,availability_meta
es_svd_ms_rr_r1,math,40,tok_conf_prefix::rank,tok_conf_prefix,rank,0.18852212124261455,confidence
es_svd_ms_rr_r1,math,40,tok_conf_recency::rank,tok_conf_recency,rank,0.19477138030906913,confidence
es_svd_ms_rr_r1,math,40,tok_gini_prefix::rank,tok_gini_prefix,rank,-0.03792647029598227,uncertainty
es_svd_ms_rr_r1,math,40,tok_gini_tail::rank,tok_gini_tail,rank,0.15089056107090681,uncertainty
es_svd_ms_rr_r1,math,40,tok_gini_slope::rank,tok_gini_slope,rank,-0.08138558248074397,uncertainty
es_svd_ms_rr_r1,math,40,tok_neg_entropy_prefix::rank,tok_neg_entropy_prefix,rank,-0.007539911324712483,uncertainty
es_svd_ms_rr_r1,math,40,tok_neg_entropy_recency::rank,tok_neg_entropy_recency,rank,-0.007025697983303018,uncertainty
es_svd_ms_rr_r1,math,40,tok_selfcert_prefix::rank,tok_selfcert_prefix,rank,-0.007539911324712483,self_cert_logprob
es_svd_ms_rr_r1,math,40,tok_selfcert_recency::rank,tok_selfcert_recency,rank,-0.007025697983303018,self_cert_logprob
es_svd_ms_rr_r1,math,40,tok_logprob_prefix::rank,tok_logprob_prefix,rank,-0.11092167144064057,self_cert_logprob
es_svd_ms_rr_r1,math,40,tok_logprob_recency::rank,tok_logprob_recency,rank,-0.09293218689212494,self_cert_logprob
es_svd_ms_rr_r1,math,40,traj_continuity::rank,traj_continuity,rank,-1.5810496811319161,trajectory
es_svd_ms_rr_r1,math,40,traj_reflection_count::rank,traj_reflection_count,rank,-1.6787475214109124,trajectory
es_svd_ms_rr_r1,math,40,traj_novelty::rank,traj_novelty,rank,-0.7405479238373103,trajectory
es_svd_ms_rr_r1,math,40,traj_max_reflection::rank,traj_max_reflection,rank,1.6317286211681779,trajectory
es_svd_ms_rr_r1,math,40,traj_late_convergence::rank,traj_late_convergence,rank,0.06861927430652652,trajectory
es_svd_ms_rr_r1,math,40,has_tok_conf::rank,has_tok_conf,rank,-0.002934355292446747,availability_meta
es_svd_ms_rr_r1,math,40,has_tok_gini::rank,has_tok_gini,rank,-0.002934355292446747,availability_meta
es_svd_ms_rr_r1,math,40,has_tok_neg_entropy::rank,has_tok_neg_entropy,rank,-0.002934355292446747,availability_meta
es_svd_ms_rr_r1,math,40,has_tok_selfcert::rank,has_tok_selfcert,rank,-0.0029343552924467942,availability_meta
es_svd_ms_rr_r1,math,40,has_tok_logprob::rank,has_tok_logprob,rank,-0.0029343552924465813,availability_meta
es_svd_ms_rr_r1,math,40,has_rows_bank::rank,has_rows_bank,rank,-0.0029343552924465813,availability_meta
es_svd_ms_rr_r1,math,70,tok_conf_prefix::raw,tok_conf_prefix,raw,0.3275928413349273,confidence
es_svd_ms_rr_r1,math,70,tok_conf_recency::raw,tok_conf_recency,raw,0.33776147343135676,confidence
es_svd_ms_rr_r1,math,70,tok_gini_prefix::raw,tok_gini_prefix,raw,-3.0704007962392095,uncertainty
es_svd_ms_rr_r1,math,70,tok_gini_tail::raw,tok_gini_tail,raw,-4.071394999847064,uncertainty
es_svd_ms_rr_r1,math,70,tok_gini_slope::raw,tok_gini_slope,raw,-6.163271758636016,uncertainty
es_svd_ms_rr_r1,math,70,tok_neg_entropy_prefix::raw,tok_neg_entropy_prefix,raw,-1.518699193694416,uncertainty
es_svd_ms_rr_r1,math,70,tok_neg_entropy_recency::raw,tok_neg_entropy_recency,raw,-1.629426008423406,uncertainty
es_svd_ms_rr_r1,math,70,tok_selfcert_prefix::raw,tok_selfcert_prefix,raw,-1.5186991936944054,self_cert_logprob
es_svd_ms_rr_r1,math,70,tok_selfcert_recency::raw,tok_selfcert_recency,raw,-1.6294260084233805,self_cert_logprob
es_svd_ms_rr_r1,math,70,tok_logprob_prefix::raw,tok_logprob_prefix,raw,-0.004601261265018332,self_cert_logprob
es_svd_ms_rr_r1,math,70,tok_logprob_recency::raw,tok_logprob_recency,raw,-0.0992950984729325,self_cert_logprob
es_svd_ms_rr_r1,math,70,traj_continuity::raw,traj_continuity,raw,50.92772550968362,trajectory
es_svd_ms_rr_r1,math,70,traj_reflection_count::raw,traj_reflection_count,raw,0.03937149979630255,trajectory
es_svd_ms_rr_r1,math,70,traj_novelty::raw,traj_novelty,raw,-45.24591083284108,trajectory
es_svd_ms_rr_r1,math,70,traj_max_reflection::raw,traj_max_reflection,raw,-10.127860779882004,trajectory
es_svd_ms_rr_r1,math,70,traj_late_convergence::raw,traj_late_convergence,raw,-0.19039321940484383,trajectory
es_svd_ms_rr_r1,math,70,has_tok_conf::raw,has_tok_conf,raw,-8.143140611857426e-17,availability_meta
es_svd_ms_rr_r1,math,70,has_tok_gini::raw,has_tok_gini,raw,-2.385158082255061e-18,availability_meta
es_svd_ms_rr_r1,math,70,has_tok_neg_entropy::raw,has_tok_neg_entropy,raw,1.6320038605342327e-19,availability_meta
es_svd_ms_rr_r1,math,70,has_tok_selfcert::raw,has_tok_selfcert,raw,-6.859923086416676e-23,availability_meta
es_svd_ms_rr_r1,math,70,has_tok_logprob::raw,has_tok_logprob,raw,-1.9295290964890033e-23,availability_meta
es_svd_ms_rr_r1,math,70,has_rows_bank::raw,has_rows_bank,raw,-6.195804949255342e-22,availability_meta
es_svd_ms_rr_r1,math,70,tok_conf_prefix::rank,tok_conf_prefix,rank,0.09287544967142544,confidence
es_svd_ms_rr_r1,math,70,tok_conf_recency::rank,tok_conf_recency,rank,0.1683114098468568,confidence
es_svd_ms_rr_r1,math,70,tok_gini_prefix::rank,tok_gini_prefix,rank,-0.04279758205987817,uncertainty
es_svd_ms_rr_r1,math,70,tok_gini_tail::rank,tok_gini_tail,rank,0.5346974234199149,uncertainty
es_svd_ms_rr_r1,math,70,tok_gini_slope::rank,tok_gini_slope,rank,0.4545051646445995,uncertainty
es_svd_ms_rr_r1,math,70,tok_neg_entropy_prefix::rank,tok_neg_entropy_prefix,rank,-0.04809489124877172,uncertainty
es_svd_ms_rr_r1,math,70,tok_neg_entropy_recency::rank,tok_neg_entropy_recency,rank,0.00784955602048927,uncertainty
es_svd_ms_rr_r1,math,70,tok_selfcert_prefix::rank,tok_selfcert_prefix,rank,-0.04809489124877172,self_cert_logprob
es_svd_ms_rr_r1,math,70,tok_selfcert_recency::rank,tok_selfcert_recency,rank,0.00784955602048927,self_cert_logprob
es_svd_ms_rr_r1,math,70,tok_logprob_prefix::rank,tok_logprob_prefix,rank,0.019436381888637253,self_cert_logprob
es_svd_ms_rr_r1,math,70,tok_logprob_recency::rank,tok_logprob_recency,rank,0.09085318548743902,self_cert_logprob
es_svd_ms_rr_r1,math,70,traj_continuity::rank,traj_continuity,rank,-1.5765227059762006,trajectory
es_svd_ms_rr_r1,math,70,traj_reflection_count::rank,traj_reflection_count,rank,-1.603279738441985,trajectory
es_svd_ms_rr_r1,math,70,traj_novelty::rank,traj_novelty,rank,-0.4792868527828374,trajectory
es_svd_ms_rr_r1,math,70,traj_max_reflection::rank,traj_max_reflection,rank,2.139549841579608,trajectory
es_svd_ms_rr_r1,math,70,traj_late_convergence::rank,traj_late_convergence,rank,0.24448330463867038,trajectory
es_svd_ms_rr_r1,math,70,has_tok_conf::rank,has_tok_conf,rank,-0.02578813587260311,availability_meta
es_svd_ms_rr_r1,math,70,has_tok_gini::rank,has_tok_gini,rank,-0.02578813587260311,availability_meta
es_svd_ms_rr_r1,math,70,has_tok_neg_entropy::rank,has_tok_neg_entropy,rank,-0.02578813587260311,availability_meta
es_svd_ms_rr_r1,math,70,has_tok_selfcert::rank,has_tok_selfcert,rank,-0.02578813587260285,availability_meta
es_svd_ms_rr_r1,math,70,has_tok_logprob::rank,has_tok_logprob,rank,-0.02578813587260344,availability_meta
es_svd_ms_rr_r1,math,70,has_rows_bank::rank,has_rows_bank,rank,-0.025788135872603087,availability_meta
es_svd_ms_rr_r1,math,70,tok_conf_prefix::raw,tok_conf_prefix,raw,0.3275928413349273,confidence
es_svd_ms_rr_r1,math,70,tok_conf_recency::raw,tok_conf_recency,raw,0.33776147343135676,confidence
es_svd_ms_rr_r1,math,70,tok_gini_prefix::raw,tok_gini_prefix,raw,-3.0704007962392095,uncertainty
es_svd_ms_rr_r1,math,70,tok_gini_tail::raw,tok_gini_tail,raw,-4.071394999847064,uncertainty
es_svd_ms_rr_r1,math,70,tok_gini_slope::raw,tok_gini_slope,raw,-6.163271758636016,uncertainty
es_svd_ms_rr_r1,math,70,tok_neg_entropy_prefix::raw,tok_neg_entropy_prefix,raw,-1.518699193694416,uncertainty
es_svd_ms_rr_r1,math,70,tok_neg_entropy_recency::raw,tok_neg_entropy_recency,raw,-1.629426008423406,uncertainty
es_svd_ms_rr_r1,math,70,tok_selfcert_prefix::raw,tok_selfcert_prefix,raw,-1.5186991936944054,self_cert_logprob
es_svd_ms_rr_r1,math,70,tok_selfcert_recency::raw,tok_selfcert_recency,raw,-1.6294260084233805,self_cert_logprob
es_svd_ms_rr_r1,math,70,tok_logprob_prefix::raw,tok_logprob_prefix,raw,-0.004601261265018332,self_cert_logprob
es_svd_ms_rr_r1,math,70,tok_logprob_recency::raw,tok_logprob_recency,raw,-0.0992950984729325,self_cert_logprob
es_svd_ms_rr_r1,math,70,traj_continuity::raw,traj_continuity,raw,50.92772550968362,trajectory
es_svd_ms_rr_r1,math,70,traj_reflection_count::raw,traj_reflection_count,raw,0.03937149979630255,trajectory
es_svd_ms_rr_r1,math,70,traj_novelty::raw,traj_novelty,raw,-45.24591083284108,trajectory
es_svd_ms_rr_r1,math,70,traj_max_reflection::raw,traj_max_reflection,raw,-10.127860779882004,trajectory
es_svd_ms_rr_r1,math,70,traj_late_convergence::raw,traj_late_convergence,raw,-0.19039321940484383,trajectory
es_svd_ms_rr_r1,math,70,has_tok_conf::raw,has_tok_conf,raw,-8.143140611857426e-17,availability_meta
es_svd_ms_rr_r1,math,70,has_tok_gini::raw,has_tok_gini,raw,-2.385158082255061e-18,availability_meta
es_svd_ms_rr_r1,math,70,has_tok_neg_entropy::raw,has_tok_neg_entropy,raw,1.6320038605342327e-19,availability_meta
es_svd_ms_rr_r1,math,70,has_tok_selfcert::raw,has_tok_selfcert,raw,-6.859923086416676e-23,availability_meta
es_svd_ms_rr_r1,math,70,has_tok_logprob::raw,has_tok_logprob,raw,-1.9295290964890033e-23,availability_meta
es_svd_ms_rr_r1,math,70,has_rows_bank::raw,has_rows_bank,raw,-6.195804949255342e-22,availability_meta
es_svd_ms_rr_r1,math,70,tok_conf_prefix::rank,tok_conf_prefix,rank,0.09287544967142544,confidence
es_svd_ms_rr_r1,math,70,tok_conf_recency::rank,tok_conf_recency,rank,0.1683114098468568,confidence
es_svd_ms_rr_r1,math,70,tok_gini_prefix::rank,tok_gini_prefix,rank,-0.04279758205987817,uncertainty
es_svd_ms_rr_r1,math,70,tok_gini_tail::rank,tok_gini_tail,rank,0.5346974234199149,uncertainty
es_svd_ms_rr_r1,math,70,tok_gini_slope::rank,tok_gini_slope,rank,0.4545051646445995,uncertainty
es_svd_ms_rr_r1,math,70,tok_neg_entropy_prefix::rank,tok_neg_entropy_prefix,rank,-0.04809489124877172,uncertainty
es_svd_ms_rr_r1,math,70,tok_neg_entropy_recency::rank,tok_neg_entropy_recency,rank,0.00784955602048927,uncertainty
es_svd_ms_rr_r1,math,70,tok_selfcert_prefix::rank,tok_selfcert_prefix,rank,-0.04809489124877172,self_cert_logprob
es_svd_ms_rr_r1,math,70,tok_selfcert_recency::rank,tok_selfcert_recency,rank,0.00784955602048927,self_cert_logprob
es_svd_ms_rr_r1,math,70,tok_logprob_prefix::rank,tok_logprob_prefix,rank,0.019436381888637253,self_cert_logprob
es_svd_ms_rr_r1,math,70,tok_logprob_recency::rank,tok_logprob_recency,rank,0.09085318548743902,self_cert_logprob
es_svd_ms_rr_r1,math,70,traj_continuity::rank,traj_continuity,rank,-1.5765227059762006,trajectory
es_svd_ms_rr_r1,math,70,traj_reflection_count::rank,traj_reflection_count,rank,-1.603279738441985,trajectory
es_svd_ms_rr_r1,math,70,traj_novelty::rank,traj_novelty,rank,-0.4792868527828374,trajectory
es_svd_ms_rr_r1,math,70,traj_max_reflection::rank,traj_max_reflection,rank,2.139549841579608,trajectory
es_svd_ms_rr_r1,math,70,traj_late_convergence::rank,traj_late_convergence,rank,0.24448330463867038,trajectory
es_svd_ms_rr_r1,math,70,has_tok_conf::rank,has_tok_conf,rank,-0.02578813587260311,availability_meta
es_svd_ms_rr_r1,math,70,has_tok_gini::rank,has_tok_gini,rank,-0.02578813587260311,availability_meta
es_svd_ms_rr_r1,math,70,has_tok_neg_entropy::rank,has_tok_neg_entropy,rank,-0.02578813587260311,availability_meta
es_svd_ms_rr_r1,math,70,has_tok_selfcert::rank,has_tok_selfcert,rank,-0.02578813587260285,availability_meta
es_svd_ms_rr_r1,math,70,has_tok_logprob::rank,has_tok_logprob,rank,-0.02578813587260344,availability_meta
es_svd_ms_rr_r1,math,70,has_rows_bank::rank,has_rows_bank,rank,-0.025788135872603087,availability_meta
es_svd_ms_rr_r1,math,70,tok_conf_prefix::raw,tok_conf_prefix,raw,0.3275928413349273,confidence
es_svd_ms_rr_r1,math,70,tok_conf_recency::raw,tok_conf_recency,raw,0.33776147343135676,confidence
es_svd_ms_rr_r1,math,70,tok_gini_prefix::raw,tok_gini_prefix,raw,-3.0704007962392095,uncertainty
es_svd_ms_rr_r1,math,70,tok_gini_tail::raw,tok_gini_tail,raw,-4.071394999847064,uncertainty
es_svd_ms_rr_r1,math,70,tok_gini_slope::raw,tok_gini_slope,raw,-6.163271758636016,uncertainty
es_svd_ms_rr_r1,math,70,tok_neg_entropy_prefix::raw,tok_neg_entropy_prefix,raw,-1.518699193694416,uncertainty
es_svd_ms_rr_r1,math,70,tok_neg_entropy_recency::raw,tok_neg_entropy_recency,raw,-1.629426008423406,uncertainty
es_svd_ms_rr_r1,math,70,tok_selfcert_prefix::raw,tok_selfcert_prefix,raw,-1.5186991936944054,self_cert_logprob
es_svd_ms_rr_r1,math,70,tok_selfcert_recency::raw,tok_selfcert_recency,raw,-1.6294260084233805,self_cert_logprob
es_svd_ms_rr_r1,math,70,tok_logprob_prefix::raw,tok_logprob_prefix,raw,-0.004601261265018332,self_cert_logprob
es_svd_ms_rr_r1,math,70,tok_logprob_recency::raw,tok_logprob_recency,raw,-0.0992950984729325,self_cert_logprob
es_svd_ms_rr_r1,math,70,traj_continuity::raw,traj_continuity,raw,50.92772550968362,trajectory
es_svd_ms_rr_r1,math,70,traj_reflection_count::raw,traj_reflection_count,raw,0.03937149979630255,trajectory
es_svd_ms_rr_r1,math,70,traj_novelty::raw,traj_novelty,raw,-45.24591083284108,trajectory
es_svd_ms_rr_r1,math,70,traj_max_reflection::raw,traj_max_reflection,raw,-10.127860779882004,trajectory
es_svd_ms_rr_r1,math,70,traj_late_convergence::raw,traj_late_convergence,raw,-0.19039321940484383,trajectory
es_svd_ms_rr_r1,math,70,has_tok_conf::raw,has_tok_conf,raw,-8.143140611857426e-17,availability_meta
es_svd_ms_rr_r1,math,70,has_tok_gini::raw,has_tok_gini,raw,-2.385158082255061e-18,availability_meta
es_svd_ms_rr_r1,math,70,has_tok_neg_entropy::raw,has_tok_neg_entropy,raw,1.6320038605342327e-19,availability_meta
es_svd_ms_rr_r1,math,70,has_tok_selfcert::raw,has_tok_selfcert,raw,-6.859923086416676e-23,availability_meta
es_svd_ms_rr_r1,math,70,has_tok_logprob::raw,has_tok_logprob,raw,-1.9295290964890033e-23,availability_meta
es_svd_ms_rr_r1,math,70,has_rows_bank::raw,has_rows_bank,raw,-6.195804949255342e-22,availability_meta
es_svd_ms_rr_r1,math,70,tok_conf_prefix::rank,tok_conf_prefix,rank,0.09287544967142544,confidence
es_svd_ms_rr_r1,math,70,tok_conf_recency::rank,tok_conf_recency,rank,0.1683114098468568,confidence
es_svd_ms_rr_r1,math,70,tok_gini_prefix::rank,tok_gini_prefix,rank,-0.04279758205987817,uncertainty
es_svd_ms_rr_r1,math,70,tok_gini_tail::rank,tok_gini_tail,rank,0.5346974234199149,uncertainty
es_svd_ms_rr_r1,math,70,tok_gini_slope::rank,tok_gini_slope,rank,0.4545051646445995,uncertainty
es_svd_ms_rr_r1,math,70,tok_neg_entropy_prefix::rank,tok_neg_entropy_prefix,rank,-0.04809489124877172,uncertainty
es_svd_ms_rr_r1,math,70,tok_neg_entropy_recency::rank,tok_neg_entropy_recency,rank,0.00784955602048927,uncertainty
es_svd_ms_rr_r1,math,70,tok_selfcert_prefix::rank,tok_selfcert_prefix,rank,-0.04809489124877172,self_cert_logprob
es_svd_ms_rr_r1,math,70,tok_selfcert_recency::rank,tok_selfcert_recency,rank,0.00784955602048927,self_cert_logprob
es_svd_ms_rr_r1,math,70,tok_logprob_prefix::rank,tok_logprob_prefix,rank,0.019436381888637253,self_cert_logprob
es_svd_ms_rr_r1,math,70,tok_logprob_recency::rank,tok_logprob_recency,rank,0.09085318548743902,self_cert_logprob
es_svd_ms_rr_r1,math,70,traj_continuity::rank,traj_continuity,rank,-1.5765227059762006,trajectory
es_svd_ms_rr_r1,math,70,traj_reflection_count::rank,traj_reflection_count,rank,-1.603279738441985,trajectory
es_svd_ms_rr_r1,math,70,traj_novelty::rank,traj_novelty,rank,-0.4792868527828374,trajectory
es_svd_ms_rr_r1,math,70,traj_max_reflection::rank,traj_max_reflection,rank,2.139549841579608,trajectory
es_svd_ms_rr_r1,math,70,traj_late_convergence::rank,traj_late_convergence,rank,0.24448330463867038,trajectory
es_svd_ms_rr_r1,math,70,has_tok_conf::rank,has_tok_conf,rank,-0.02578813587260311,availability_meta
es_svd_ms_rr_r1,math,70,has_tok_gini::rank,has_tok_gini,rank,-0.02578813587260311,availability_meta
es_svd_ms_rr_r1,math,70,has_tok_neg_entropy::rank,has_tok_neg_entropy,rank,-0.02578813587260311,availability_meta
es_svd_ms_rr_r1,math,70,has_tok_selfcert::rank,has_tok_selfcert,rank,-0.02578813587260285,availability_meta
es_svd_ms_rr_r1,math,70,has_tok_logprob::rank,has_tok_logprob,rank,-0.02578813587260344,availability_meta
es_svd_ms_rr_r1,math,70,has_rows_bank::rank,has_rows_bank,rank,-0.025788135872603087,availability_meta
es_svd_ms_rr_r1,math,100,tok_conf_prefix::raw,tok_conf_prefix,raw,0.5536964725079399,confidence
es_svd_ms_rr_r1,math,100,tok_conf_recency::raw,tok_conf_recency,raw,0.5748878860845639,confidence
es_svd_ms_rr_r1,math,100,tok_gini_prefix::raw,tok_gini_prefix,raw,-6.2117259179296695,uncertainty
es_svd_ms_rr_r1,math,100,tok_gini_tail::raw,tok_gini_tail,raw,-14.538987471714675,uncertainty
es_svd_ms_rr_r1,math,100,tok_gini_slope::raw,tok_gini_slope,raw,-13.799688553181287,uncertainty
es_svd_ms_rr_r1,math,100,tok_neg_entropy_prefix::raw,tok_neg_entropy_prefix,raw,-2.5698586755891335,uncertainty
es_svd_ms_rr_r1,math,100,tok_neg_entropy_recency::raw,tok_neg_entropy_recency,raw,-2.9137706946213884,uncertainty
es_svd_ms_rr_r1,math,100,tok_selfcert_prefix::raw,tok_selfcert_prefix,raw,-2.5698586755891455,self_cert_logprob
es_svd_ms_rr_r1,math,100,tok_selfcert_recency::raw,tok_selfcert_recency,raw,-2.91377069462141,self_cert_logprob
es_svd_ms_rr_r1,math,100,tok_logprob_prefix::raw,tok_logprob_prefix,raw,0.7719584214374946,self_cert_logprob
es_svd_ms_rr_r1,math,100,tok_logprob_recency::raw,tok_logprob_recency,raw,0.34615327768384146,self_cert_logprob
es_svd_ms_rr_r1,math,100,traj_continuity::raw,traj_continuity,raw,47.78210009511321,trajectory
es_svd_ms_rr_r1,math,100,traj_reflection_count::raw,traj_reflection_count,raw,0.020938632025968948,trajectory
es_svd_ms_rr_r1,math,100,traj_novelty::raw,traj_novelty,raw,-37.31784153170825,trajectory
es_svd_ms_rr_r1,math,100,traj_max_reflection::raw,traj_max_reflection,raw,-3.1355217237707307,trajectory
es_svd_ms_rr_r1,math,100,traj_late_convergence::raw,traj_late_convergence,raw,-1.340197255158868,trajectory
es_svd_ms_rr_r1,math,100,has_tok_conf::raw,has_tok_conf,raw,2.675817372428296e-19,availability_meta
es_svd_ms_rr_r1,math,100,has_tok_gini::raw,has_tok_gini,raw,5.281063155971682e-18,availability_meta
es_svd_ms_rr_r1,math,100,has_tok_neg_entropy::raw,has_tok_neg_entropy,raw,6.630613088775632e-19,availability_meta
es_svd_ms_rr_r1,math,100,has_tok_selfcert::raw,has_tok_selfcert,raw,-1.1814518140256859e-20,availability_meta
es_svd_ms_rr_r1,math,100,has_tok_logprob::raw,has_tok_logprob,raw,-2.501866602594213e-21,availability_meta
es_svd_ms_rr_r1,math,100,has_rows_bank::raw,has_rows_bank,raw,-2.2522140490676398e-23,availability_meta
es_svd_ms_rr_r1,math,100,tok_conf_prefix::rank,tok_conf_prefix,rank,0.3625951326482116,confidence
es_svd_ms_rr_r1,math,100,tok_conf_recency::rank,tok_conf_recency,rank,0.4780392667235429,confidence
es_svd_ms_rr_r1,math,100,tok_gini_prefix::rank,tok_gini_prefix,rank,-0.13502550534789887,uncertainty
es_svd_ms_rr_r1,math,100,tok_gini_tail::rank,tok_gini_tail,rank,1.6621047402845492,uncertainty
es_svd_ms_rr_r1,math,100,tok_gini_slope::rank,tok_gini_slope,rank,1.1801281866315751,uncertainty
es_svd_ms_rr_r1,math,100,tok_neg_entropy_prefix::rank,tok_neg_entropy_prefix,rank,-0.13454978447239122,uncertainty
es_svd_ms_rr_r1,math,100,tok_neg_entropy_recency::rank,tok_neg_entropy_recency,rank,0.011545766877709692,uncertainty
es_svd_ms_rr_r1,math,100,tok_selfcert_prefix::rank,tok_selfcert_prefix,rank,-0.13454978447239122,self_cert_logprob
es_svd_ms_rr_r1,math,100,tok_selfcert_recency::rank,tok_selfcert_recency,rank,0.011545766877709692,self_cert_logprob
es_svd_ms_rr_r1,math,100,tok_logprob_prefix::rank,tok_logprob_prefix,rank,-0.016588729354082062,self_cert_logprob
es_svd_ms_rr_r1,math,100,tok_logprob_recency::rank,tok_logprob_recency,rank,0.12375703664094151,self_cert_logprob
es_svd_ms_rr_r1,math,100,traj_continuity::rank,traj_continuity,rank,-1.4610611086259697,trajectory
es_svd_ms_rr_r1,math,100,traj_reflection_count::rank,traj_reflection_count,rank,-1.0761326895810197,trajectory
es_svd_ms_rr_r1,math,100,traj_novelty::rank,traj_novelty,rank,-0.025343296511678406,trajectory
es_svd_ms_rr_r1,math,100,traj_max_reflection::rank,traj_max_reflection,rank,0.565375773492186,trajectory
es_svd_ms_rr_r1,math,100,traj_late_convergence::rank,traj_late_convergence,rank,2.215996716169658,trajectory
es_svd_ms_rr_r1,math,100,has_tok_conf::rank,has_tok_conf,rank,-0.2055363792092767,availability_meta
es_svd_ms_rr_r1,math,100,has_tok_gini::rank,has_tok_gini,rank,-0.2055363792092767,availability_meta
es_svd_ms_rr_r1,math,100,has_tok_neg_entropy::rank,has_tok_neg_entropy,rank,-0.2055363792092767,availability_meta
es_svd_ms_rr_r1,math,100,has_tok_selfcert::rank,has_tok_selfcert,rank,-0.2055363792092767,availability_meta
es_svd_ms_rr_r1,math,100,has_tok_logprob::rank,has_tok_logprob,rank,-0.2055363792092767,availability_meta
es_svd_ms_rr_r1,math,100,has_rows_bank::rank,has_rows_bank,rank,-0.20553637920927673,availability_meta
es_svd_ms_rr_r1,science,10,tok_conf_prefix::raw,tok_conf_prefix,raw,0.0011135431297625885,confidence
es_svd_ms_rr_r1,science,10,tok_conf_recency::raw,tok_conf_recency,raw,0.0011934208230507243,confidence
es_svd_ms_rr_r1,science,10,tok_gini_prefix::raw,tok_gini_prefix,raw,0.0035972123260200237,uncertainty
es_svd_ms_rr_r1,science,10,tok_gini_tail::raw,tok_gini_tail,raw,0.018744124000229033,uncertainty
es_svd_ms_rr_r1,science,10,tok_gini_slope::raw,tok_gini_slope,raw,0.06743097756477148,uncertainty
es_svd_ms_rr_r1,science,10,tok_neg_entropy_prefix::raw,tok_neg_entropy_prefix,raw,0.0025757001728087797,uncertainty
es_svd_ms_rr_r1,science,10,tok_neg_entropy_recency::raw,tok_neg_entropy_recency,raw,0.0032066193278286153,uncertainty
es_svd_ms_rr_r1,science,10,tok_selfcert_prefix::raw,tok_selfcert_prefix,raw,0.0025757001728087883,self_cert_logprob
es_svd_ms_rr_r1,science,10,tok_selfcert_recency::raw,tok_selfcert_recency,raw,0.00320661932782862,self_cert_logprob
es_svd_ms_rr_r1,science,10,tok_logprob_prefix::raw,tok_logprob_prefix,raw,-0.013765902951094902,self_cert_logprob
es_svd_ms_rr_r1,science,10,tok_logprob_recency::raw,tok_logprob_recency,raw,-0.012769020379147402,self_cert_logprob
es_svd_ms_rr_r1,science,10,traj_continuity::raw,traj_continuity,raw,0.108923207722603,trajectory
es_svd_ms_rr_r1,science,10,traj_reflection_count::raw,traj_reflection_count,raw,0.0008726590297222776,trajectory
es_svd_ms_rr_r1,science,10,traj_novelty::raw,traj_novelty,raw,-0.00021043215896099224,trajectory
es_svd_ms_rr_r1,science,10,traj_max_reflection::raw,traj_max_reflection,raw,0.021283685568060057,trajectory
es_svd_ms_rr_r1,science,10,traj_late_convergence::raw,traj_late_convergence,raw,0.0016290785751105503,trajectory
es_svd_ms_rr_r1,science,10,has_tok_conf::raw,has_tok_conf,raw,3.4722954262673126e-19,availability_meta
es_svd_ms_rr_r1,science,10,has_tok_gini::raw,has_tok_gini,raw,-1.2104906043264938e-19,availability_meta
es_svd_ms_rr_r1,science,10,has_tok_neg_entropy::raw,has_tok_neg_entropy,raw,1.444347542476763e-20,availability_meta
es_svd_ms_rr_r1,science,10,has_tok_selfcert::raw,has_tok_selfcert,raw,-1.7683521901099152e-22,availability_meta
es_svd_ms_rr_r1,science,10,has_tok_logprob::raw,has_tok_logprob,raw,-2.676704329562117e-23,availability_meta
es_svd_ms_rr_r1,science,10,has_rows_bank::raw,has_rows_bank,raw,8.788137496156889e-26,availability_meta
es_svd_ms_rr_r1,science,10,tok_conf_prefix::rank,tok_conf_prefix,rank,-0.002324379006617166,confidence
es_svd_ms_rr_r1,science,10,tok_conf_recency::rank,tok_conf_recency,rank,-0.002668332508328601,confidence
es_svd_ms_rr_r1,science,10,tok_gini_prefix::rank,tok_gini_prefix,rank,3.533647201665013e-05,uncertainty
es_svd_ms_rr_r1,science,10,tok_gini_tail::rank,tok_gini_tail,rank,-0.004513368457224761,uncertainty
es_svd_ms_rr_r1,science,10,tok_gini_slope::rank,tok_gini_slope,rank,-0.011668152960474376,uncertainty
es_svd_ms_rr_r1,science,10,tok_neg_entropy_prefix::rank,tok_neg_entropy_prefix,rank,-0.00014100074779227026,uncertainty
es_svd_ms_rr_r1,science,10,tok_neg_entropy_recency::rank,tok_neg_entropy_recency,rank,-0.0006199666153021784,uncertainty
es_svd_ms_rr_r1,science,10,tok_selfcert_prefix::rank,tok_selfcert_prefix,rank,-0.00014100074779227026,self_cert_logprob
es_svd_ms_rr_r1,science,10,tok_selfcert_recency::rank,tok_selfcert_recency,rank,-0.0006199666153021784,self_cert_logprob
es_svd_ms_rr_r1,science,10,tok_logprob_prefix::rank,tok_logprob_prefix,rank,0.0021804485096264237,self_cert_logprob
es_svd_ms_rr_r1,science,10,tok_logprob_recency::rank,tok_logprob_recency,rank,0.0017932904726318166,self_cert_logprob
es_svd_ms_rr_r1,science,10,traj_continuity::rank,traj_continuity,rank,-0.005957353280973048,trajectory
es_svd_ms_rr_r1,science,10,traj_reflection_count::rank,traj_reflection_count,rank,-0.004867858645463127,trajectory
es_svd_ms_rr_r1,science,10,traj_novelty::rank,traj_novelty,rank,-0.0019070658065093735,trajectory
es_svd_ms_rr_r1,science,10,traj_max_reflection::rank,traj_max_reflection,rank,-0.003713164903749978,trajectory
es_svd_ms_rr_r1,science,10,traj_late_convergence::rank,traj_late_convergence,rank,-0.0022144414318271753,trajectory
es_svd_ms_rr_r1,science,10,has_tok_conf::rank,has_tok_conf,rank,0.00040264528552112533,availability_meta
es_svd_ms_rr_r1,science,10,has_tok_gini::rank,has_tok_gini,rank,0.00040264528552112533,availability_meta
es_svd_ms_rr_r1,science,10,has_tok_neg_entropy::rank,has_tok_neg_entropy,rank,0.00040264528552112533,availability_meta
es_svd_ms_rr_r1,science,10,has_tok_selfcert::rank,has_tok_selfcert,rank,0.00040264528552112533,availability_meta
es_svd_ms_rr_r1,science,10,has_tok_logprob::rank,has_tok_logprob,rank,0.00040264528552112544,availability_meta
es_svd_ms_rr_r1,science,10,has_rows_bank::rank,has_rows_bank,rank,0.0004026452855211252,availability_meta
es_svd_ms_rr_r1,science,10,tok_conf_prefix::raw,tok_conf_prefix,raw,0.0011135431297625885,confidence
es_svd_ms_rr_r1,science,10,tok_conf_recency::raw,tok_conf_recency,raw,0.0011934208230507243,confidence
es_svd_ms_rr_r1,science,10,tok_gini_prefix::raw,tok_gini_prefix,raw,0.0035972123260200237,uncertainty
es_svd_ms_rr_r1,science,10,tok_gini_tail::raw,tok_gini_tail,raw,0.018744124000229033,uncertainty
es_svd_ms_rr_r1,science,10,tok_gini_slope::raw,tok_gini_slope,raw,0.06743097756477148,uncertainty
es_svd_ms_rr_r1,science,10,tok_neg_entropy_prefix::raw,tok_neg_entropy_prefix,raw,0.0025757001728087797,uncertainty
es_svd_ms_rr_r1,science,10,tok_neg_entropy_recency::raw,tok_neg_entropy_recency,raw,0.0032066193278286153,uncertainty
es_svd_ms_rr_r1,science,10,tok_selfcert_prefix::raw,tok_selfcert_prefix,raw,0.0025757001728087883,self_cert_logprob
es_svd_ms_rr_r1,science,10,tok_selfcert_recency::raw,tok_selfcert_recency,raw,0.00320661932782862,self_cert_logprob
es_svd_ms_rr_r1,science,10,tok_logprob_prefix::raw,tok_logprob_prefix,raw,-0.013765902951094902,self_cert_logprob
es_svd_ms_rr_r1,science,10,tok_logprob_recency::raw,tok_logprob_recency,raw,-0.012769020379147402,self_cert_logprob
es_svd_ms_rr_r1,science,10,traj_continuity::raw,traj_continuity,raw,0.108923207722603,trajectory
es_svd_ms_rr_r1,science,10,traj_reflection_count::raw,traj_reflection_count,raw,0.0008726590297222776,trajectory
es_svd_ms_rr_r1,science,10,traj_novelty::raw,traj_novelty,raw,-0.00021043215896099224,trajectory
es_svd_ms_rr_r1,science,10,traj_max_reflection::raw,traj_max_reflection,raw,0.021283685568060057,trajectory
es_svd_ms_rr_r1,science,10,traj_late_convergence::raw,traj_late_convergence,raw,0.0016290785751105503,trajectory
es_svd_ms_rr_r1,science,10,has_tok_conf::raw,has_tok_conf,raw,3.4722954262673126e-19,availability_meta
es_svd_ms_rr_r1,science,10,has_tok_gini::raw,has_tok_gini,raw,-1.2104906043264938e-19,availability_meta
es_svd_ms_rr_r1,science,10,has_tok_neg_entropy::raw,has_tok_neg_entropy,raw,1.444347542476763e-20,availability_meta
es_svd_ms_rr_r1,science,10,has_tok_selfcert::raw,has_tok_selfcert,raw,-1.7683521901099152e-22,availability_meta
es_svd_ms_rr_r1,science,10,has_tok_logprob::raw,has_tok_logprob,raw,-2.676704329562117e-23,availability_meta
es_svd_ms_rr_r1,science,10,has_rows_bank::raw,has_rows_bank,raw,8.788137496156889e-26,availability_meta
es_svd_ms_rr_r1,science,10,tok_conf_prefix::rank,tok_conf_prefix,rank,-0.002324379006617166,confidence
es_svd_ms_rr_r1,science,10,tok_conf_recency::rank,tok_conf_recency,rank,-0.002668332508328601,confidence
es_svd_ms_rr_r1,science,10,tok_gini_prefix::rank,tok_gini_prefix,rank,3.533647201665013e-05,uncertainty
es_svd_ms_rr_r1,science,10,tok_gini_tail::rank,tok_gini_tail,rank,-0.004513368457224761,uncertainty
es_svd_ms_rr_r1,science,10,tok_gini_slope::rank,tok_gini_slope,rank,-0.011668152960474376,uncertainty
es_svd_ms_rr_r1,science,10,tok_neg_entropy_prefix::rank,tok_neg_entropy_prefix,rank,-0.00014100074779227026,uncertainty
es_svd_ms_rr_r1,science,10,tok_neg_entropy_recency::rank,tok_neg_entropy_recency,rank,-0.0006199666153021784,uncertainty
es_svd_ms_rr_r1,science,10,tok_selfcert_prefix::rank,tok_selfcert_prefix,rank,-0.00014100074779227026,self_cert_logprob
es_svd_ms_rr_r1,science,10,tok_selfcert_recency::rank,tok_selfcert_recency,rank,-0.0006199666153021784,self_cert_logprob
es_svd_ms_rr_r1,science,10,tok_logprob_prefix::rank,tok_logprob_prefix,rank,0.0021804485096264237,self_cert_logprob
es_svd_ms_rr_r1,science,10,tok_logprob_recency::rank,tok_logprob_recency,rank,0.0017932904726318166,self_cert_logprob
es_svd_ms_rr_r1,science,10,traj_continuity::rank,traj_continuity,rank,-0.005957353280973048,trajectory
es_svd_ms_rr_r1,science,10,traj_reflection_count::rank,traj_reflection_count,rank,-0.004867858645463127,trajectory
es_svd_ms_rr_r1,science,10,traj_novelty::rank,traj_novelty,rank,-0.0019070658065093735,trajectory
es_svd_ms_rr_r1,science,10,traj_max_reflection::rank,traj_max_reflection,rank,-0.003713164903749978,trajectory
es_svd_ms_rr_r1,science,10,traj_late_convergence::rank,traj_late_convergence,rank,-0.0022144414318271753,trajectory
es_svd_ms_rr_r1,science,10,has_tok_conf::rank,has_tok_conf,rank,0.00040264528552112533,availability_meta
es_svd_ms_rr_r1,science,10,has_tok_gini::rank,has_tok_gini,rank,0.00040264528552112533,availability_meta
es_svd_ms_rr_r1,science,10,has_tok_neg_entropy::rank,has_tok_neg_entropy,rank,0.00040264528552112533,availability_meta
es_svd_ms_rr_r1,science,10,has_tok_selfcert::rank,has_tok_selfcert,rank,0.00040264528552112533,availability_meta
es_svd_ms_rr_r1,science,10,has_tok_logprob::rank,has_tok_logprob,rank,0.00040264528552112544,availability_meta
es_svd_ms_rr_r1,science,10,has_rows_bank::rank,has_rows_bank,rank,0.0004026452855211252,availability_meta
es_svd_ms_rr_r1,science,10,tok_conf_prefix::raw,tok_conf_prefix,raw,0.0011135431297625885,confidence
es_svd_ms_rr_r1,science,10,tok_conf_recency::raw,tok_conf_recency,raw,0.0011934208230507243,confidence
es_svd_ms_rr_r1,science,10,tok_gini_prefix::raw,tok_gini_prefix,raw,0.0035972123260200237,uncertainty
es_svd_ms_rr_r1,science,10,tok_gini_tail::raw,tok_gini_tail,raw,0.018744124000229033,uncertainty
es_svd_ms_rr_r1,science,10,tok_gini_slope::raw,tok_gini_slope,raw,0.06743097756477148,uncertainty
es_svd_ms_rr_r1,science,10,tok_neg_entropy_prefix::raw,tok_neg_entropy_prefix,raw,0.0025757001728087797,uncertainty
es_svd_ms_rr_r1,science,10,tok_neg_entropy_recency::raw,tok_neg_entropy_recency,raw,0.0032066193278286153,uncertainty
es_svd_ms_rr_r1,science,10,tok_selfcert_prefix::raw,tok_selfcert_prefix,raw,0.0025757001728087883,self_cert_logprob
es_svd_ms_rr_r1,science,10,tok_selfcert_recency::raw,tok_selfcert_recency,raw,0.00320661932782862,self_cert_logprob
es_svd_ms_rr_r1,science,10,tok_logprob_prefix::raw,tok_logprob_prefix,raw,-0.013765902951094902,self_cert_logprob
es_svd_ms_rr_r1,science,10,tok_logprob_recency::raw,tok_logprob_recency,raw,-0.012769020379147402,self_cert_logprob
es_svd_ms_rr_r1,science,10,traj_continuity::raw,traj_continuity,raw,0.108923207722603,trajectory
es_svd_ms_rr_r1,science,10,traj_reflection_count::raw,traj_reflection_count,raw,0.0008726590297222776,trajectory
es_svd_ms_rr_r1,science,10,traj_novelty::raw,traj_novelty,raw,-0.00021043215896099224,trajectory
es_svd_ms_rr_r1,science,10,traj_max_reflection::raw,traj_max_reflection,raw,0.021283685568060057,trajectory
es_svd_ms_rr_r1,science,10,traj_late_convergence::raw,traj_late_convergence,raw,0.0016290785751105503,trajectory
es_svd_ms_rr_r1,science,10,has_tok_conf::raw,has_tok_conf,raw,3.4722954262673126e-19,availability_meta
es_svd_ms_rr_r1,science,10,has_tok_gini::raw,has_tok_gini,raw,-1.2104906043264938e-19,availability_meta
es_svd_ms_rr_r1,science,10,has_tok_neg_entropy::raw,has_tok_neg_entropy,raw,1.444347542476763e-20,availability_meta
es_svd_ms_rr_r1,science,10,has_tok_selfcert::raw,has_tok_selfcert,raw,-1.7683521901099152e-22,availability_meta
es_svd_ms_rr_r1,science,10,has_tok_logprob::raw,has_tok_logprob,raw,-2.676704329562117e-23,availability_meta
es_svd_ms_rr_r1,science,10,has_rows_bank::raw,has_rows_bank,raw,8.788137496156889e-26,availability_meta
es_svd_ms_rr_r1,science,10,tok_conf_prefix::rank,tok_conf_prefix,rank,-0.002324379006617166,confidence
es_svd_ms_rr_r1,science,10,tok_conf_recency::rank,tok_conf_recency,rank,-0.002668332508328601,confidence
es_svd_ms_rr_r1,science,10,tok_gini_prefix::rank,tok_gini_prefix,rank,3.533647201665013e-05,uncertainty
es_svd_ms_rr_r1,science,10,tok_gini_tail::rank,tok_gini_tail,rank,-0.004513368457224761,uncertainty
es_svd_ms_rr_r1,science,10,tok_gini_slope::rank,tok_gini_slope,rank,-0.011668152960474376,uncertainty
es_svd_ms_rr_r1,science,10,tok_neg_entropy_prefix::rank,tok_neg_entropy_prefix,rank,-0.00014100074779227026,uncertainty
es_svd_ms_rr_r1,science,10,tok_neg_entropy_recency::rank,tok_neg_entropy_recency,rank,-0.0006199666153021784,uncertainty
es_svd_ms_rr_r1,science,10,tok_selfcert_prefix::rank,tok_selfcert_prefix,rank,-0.00014100074779227026,self_cert_logprob
es_svd_ms_rr_r1,science,10,tok_selfcert_recency::rank,tok_selfcert_recency,rank,-0.0006199666153021784,self_cert_logprob
es_svd_ms_rr_r1,science,10,tok_logprob_prefix::rank,tok_logprob_prefix,rank,0.0021804485096264237,self_cert_logprob
es_svd_ms_rr_r1,science,10,tok_logprob_recency::rank,tok_logprob_recency,rank,0.0017932904726318166,self_cert_logprob
es_svd_ms_rr_r1,science,10,traj_continuity::rank,traj_continuity,rank,-0.005957353280973048,trajectory
es_svd_ms_rr_r1,science,10,traj_reflection_count::rank,traj_reflection_count,rank,-0.004867858645463127,trajectory
es_svd_ms_rr_r1,science,10,traj_novelty::rank,traj_novelty,rank,-0.0019070658065093735,trajectory
es_svd_ms_rr_r1,science,10,traj_max_reflection::rank,traj_max_reflection,rank,-0.003713164903749978,trajectory
es_svd_ms_rr_r1,science,10,traj_late_convergence::rank,traj_late_convergence,rank,-0.0022144414318271753,trajectory
es_svd_ms_rr_r1,science,10,has_tok_conf::rank,has_tok_conf,rank,0.00040264528552112533,availability_meta
es_svd_ms_rr_r1,science,10,has_tok_gini::rank,has_tok_gini,rank,0.00040264528552112533,availability_meta
es_svd_ms_rr_r1,science,10,has_tok_neg_entropy::rank,has_tok_neg_entropy,rank,0.00040264528552112533,availability_meta
es_svd_ms_rr_r1,science,10,has_tok_selfcert::rank,has_tok_selfcert,rank,0.00040264528552112533,availability_meta
es_svd_ms_rr_r1,science,10,has_tok_logprob::rank,has_tok_logprob,rank,0.00040264528552112544,availability_meta
es_svd_ms_rr_r1,science,10,has_rows_bank::rank,has_rows_bank,rank,0.0004026452855211252,availability_meta
es_svd_ms_rr_r1,science,40,tok_conf_prefix::raw,tok_conf_prefix,raw,0.04816176259052673,confidence
es_svd_ms_rr_r1,science,40,tok_conf_recency::raw,tok_conf_recency,raw,0.05048783061275255,confidence
es_svd_ms_rr_r1,science,40,tok_gini_prefix::raw,tok_gini_prefix,raw,0.04719401335234072,uncertainty
es_svd_ms_rr_r1,science,40,tok_gini_tail::raw,tok_gini_tail,raw,0.3625173323598687,uncertainty
es_svd_ms_rr_r1,science,40,tok_gini_slope::raw,tok_gini_slope,raw,1.5318732998145794,uncertainty
es_svd_ms_rr_r1,science,40,tok_neg_entropy_prefix::raw,tok_neg_entropy_prefix,raw,0.02263338578703762,uncertainty
es_svd_ms_rr_r1,science,40,tok_neg_entropy_recency::raw,tok_neg_entropy_recency,raw,0.03412519271916596,uncertainty
es_svd_ms_rr_r1,science,40,tok_selfcert_prefix::raw,tok_selfcert_prefix,raw,0.022633385787037538,self_cert_logprob
es_svd_ms_rr_r1,science,40,tok_selfcert_recency::raw,tok_selfcert_recency,raw,0.03412519271916591,self_cert_logprob
es_svd_ms_rr_r1,science,40,tok_logprob_prefix::raw,tok_logprob_prefix,raw,-0.2939576122952075,self_cert_logprob
es_svd_ms_rr_r1,science,40,tok_logprob_recency::raw,tok_logprob_recency,raw,-0.2827926208977407,self_cert_logprob
es_svd_ms_rr_r1,science,40,traj_continuity::raw,traj_continuity,raw,2.033652169494051,trajectory
es_svd_ms_rr_r1,science,40,traj_reflection_count::raw,traj_reflection_count,raw,0.0025758750535586714,trajectory
es_svd_ms_rr_r1,science,40,traj_novelty::raw,traj_novelty,raw,-0.09600361637000603,trajectory
es_svd_ms_rr_r1,science,40,traj_max_reflection::raw,traj_max_reflection,raw,0.27888775214349604,trajectory
es_svd_ms_rr_r1,science,40,traj_late_convergence::raw,traj_late_convergence,raw,0.06082629995812296,trajectory
es_svd_ms_rr_r1,science,40,has_tok_conf::raw,has_tok_conf,raw,1.2322151748497099e-17,availability_meta
es_svd_ms_rr_r1,science,40,has_tok_gini::raw,has_tok_gini,raw,-7.901663732670106e-19,availability_meta
es_svd_ms_rr_r1,science,40,has_tok_neg_entropy::raw,has_tok_neg_entropy,raw,1.3133045885121557e-20,availability_meta
es_svd_ms_rr_r1,science,40,has_tok_selfcert::raw,has_tok_selfcert,raw,-1.7977107285712485e-22,availability_meta
es_svd_ms_rr_r1,science,40,has_tok_logprob::raw,has_tok_logprob,raw,-4.535288970009602e-32,availability_meta
es_svd_ms_rr_r1,science,40,has_rows_bank::raw,has_rows_bank,raw,-6.189414641355557e-25,availability_meta
es_svd_ms_rr_r1,science,40,tok_conf_prefix::rank,tok_conf_prefix,rank,-0.05579088196038967,confidence
es_svd_ms_rr_r1,science,40,tok_conf_recency::rank,tok_conf_recency,rank,-0.05981145182172483,confidence
es_svd_ms_rr_r1,science,40,tok_gini_prefix::rank,tok_gini_prefix,rank,0.0059701498019388895,uncertainty
es_svd_ms_rr_r1,science,40,tok_gini_tail::rank,tok_gini_tail,rank,-0.05923925333161303,uncertainty
es_svd_ms_rr_r1,science,40,tok_gini_slope::rank,tok_gini_slope,rank,-0.162777030619212,uncertainty
es_svd_ms_rr_r1,science,40,tok_neg_entropy_prefix::rank,tok_neg_entropy_prefix,rank,0.005076189131289289,uncertainty
es_svd_ms_rr_r1,science,40,tok_neg_entropy_recency::rank,tok_neg_entropy_recency,rank,-0.0015508702222580032,uncertainty
es_svd_ms_rr_r1,science,40,tok_selfcert_prefix::rank,tok_selfcert_prefix,rank,0.005076189131289289,self_cert_logprob
es_svd_ms_rr_r1,science,40,tok_selfcert_recency::rank,tok_selfcert_recency,rank,-0.0015508702222580032,self_cert_logprob
es_svd_ms_rr_r1,science,40,tok_logprob_prefix::rank,tok_logprob_prefix,rank,0.020730109124027833,self_cert_logprob
es_svd_ms_rr_r1,science,40,tok_logprob_recency::rank,tok_logprob_recency,rank,0.015155942885024901,self_cert_logprob
es_svd_ms_rr_r1,science,40,traj_continuity::rank,traj_continuity,rank,-0.06635983097124834,trajectory
es_svd_ms_rr_r1,science,40,traj_reflection_count::rank,traj_reflection_count,rank,-0.08184706657924383,trajectory
es_svd_ms_rr_r1,science,40,traj_novelty::rank,traj_novelty,rank,0.022557350043103955,trajectory
es_svd_ms_rr_r1,science,40,traj_max_reflection::rank,traj_max_reflection,rank,-0.05460498510578397,trajectory
es_svd_ms_rr_r1,science,40,traj_late_convergence::rank,traj_late_convergence,rank,-0.10364336897606159,trajectory
es_svd_ms_rr_r1,science,40,has_tok_conf::rank,has_tok_conf,rank,0.011132917564068706,availability_meta
es_svd_ms_rr_r1,science,40,has_tok_gini::rank,has_tok_gini,rank,0.011132917564068706,availability_meta
es_svd_ms_rr_r1,science,40,has_tok_neg_entropy::rank,has_tok_neg_entropy,rank,0.011132917564068706,availability_meta
es_svd_ms_rr_r1,science,40,has_tok_selfcert::rank,has_tok_selfcert,rank,0.011132917564068706,availability_meta
es_svd_ms_rr_r1,science,40,has_tok_logprob::rank,has_tok_logprob,rank,0.011132917564068706,availability_meta
es_svd_ms_rr_r1,science,40,has_rows_bank::rank,has_rows_bank,rank,0.01113291756406871,availability_meta
es_svd_ms_rr_r1,science,40,tok_conf_prefix::raw,tok_conf_prefix,raw,0.04816176259052673,confidence
es_svd_ms_rr_r1,science,40,tok_conf_recency::raw,tok_conf_recency,raw,0.05048783061275255,confidence
es_svd_ms_rr_r1,science,40,tok_gini_prefix::raw,tok_gini_prefix,raw,0.04719401335234072,uncertainty
es_svd_ms_rr_r1,science,40,tok_gini_tail::raw,tok_gini_tail,raw,0.3625173323598687,uncertainty
es_svd_ms_rr_r1,science,40,tok_gini_slope::raw,tok_gini_slope,raw,1.5318732998145794,uncertainty
es_svd_ms_rr_r1,science,40,tok_neg_entropy_prefix::raw,tok_neg_entropy_prefix,raw,0.02263338578703762,uncertainty
es_svd_ms_rr_r1,science,40,tok_neg_entropy_recency::raw,tok_neg_entropy_recency,raw,0.03412519271916596,uncertainty
es_svd_ms_rr_r1,science,40,tok_selfcert_prefix::raw,tok_selfcert_prefix,raw,0.022633385787037538,self_cert_logprob
es_svd_ms_rr_r1,science,40,tok_selfcert_recency::raw,tok_selfcert_recency,raw,0.03412519271916591,self_cert_logprob
es_svd_ms_rr_r1,science,40,tok_logprob_prefix::raw,tok_logprob_prefix,raw,-0.2939576122952075,self_cert_logprob
es_svd_ms_rr_r1,science,40,tok_logprob_recency::raw,tok_logprob_recency,raw,-0.2827926208977407,self_cert_logprob
es_svd_ms_rr_r1,science,40,traj_continuity::raw,traj_continuity,raw,2.033652169494051,trajectory
es_svd_ms_rr_r1,science,40,traj_reflection_count::raw,traj_reflection_count,raw,0.0025758750535586714,trajectory
es_svd_ms_rr_r1,science,40,traj_novelty::raw,traj_novelty,raw,-0.09600361637000603,trajectory
es_svd_ms_rr_r1,science,40,traj_max_reflection::raw,traj_max_reflection,raw,0.27888775214349604,trajectory
es_svd_ms_rr_r1,science,40,traj_late_convergence::raw,traj_late_convergence,raw,0.06082629995812296,trajectory
es_svd_ms_rr_r1,science,40,has_tok_conf::raw,has_tok_conf,raw,1.2322151748497099e-17,availability_meta
es_svd_ms_rr_r1,science,40,has_tok_gini::raw,has_tok_gini,raw,-7.901663732670106e-19,availability_meta
es_svd_ms_rr_r1,science,40,has_tok_neg_entropy::raw,has_tok_neg_entropy,raw,1.3133045885121557e-20,availability_meta
es_svd_ms_rr_r1,science,40,has_tok_selfcert::raw,has_tok_selfcert,raw,-1.7977107285712485e-22,availability_meta
es_svd_ms_rr_r1,science,40,has_tok_logprob::raw,has_tok_logprob,raw,-4.535288970009602e-32,availability_meta
es_svd_ms_rr_r1,science,40,has_rows_bank::raw,has_rows_bank,raw,-6.189414641355557e-25,availability_meta
es_svd_ms_rr_r1,science,40,tok_conf_prefix::rank,tok_conf_prefix,rank,-0.05579088196038967,confidence
es_svd_ms_rr_r1,science,40,tok_conf_recency::rank,tok_conf_recency,rank,-0.05981145182172483,confidence
es_svd_ms_rr_r1,science,40,tok_gini_prefix::rank,tok_gini_prefix,rank,0.0059701498019388895,uncertainty
es_svd_ms_rr_r1,science,40,tok_gini_tail::rank,tok_gini_tail,rank,-0.05923925333161303,uncertainty
es_svd_ms_rr_r1,science,40,tok_gini_slope::rank,tok_gini_slope,rank,-0.162777030619212,uncertainty
es_svd_ms_rr_r1,science,40,tok_neg_entropy_prefix::rank,tok_neg_entropy_prefix,rank,0.005076189131289289,uncertainty
es_svd_ms_rr_r1,science,40,tok_neg_entropy_recency::rank,tok_neg_entropy_recency,rank,-0.0015508702222580032,uncertainty
es_svd_ms_rr_r1,science,40,tok_selfcert_prefix::rank,tok_selfcert_prefix,rank,0.005076189131289289,self_cert_logprob
es_svd_ms_rr_r1,science,40,tok_selfcert_recency::rank,tok_selfcert_recency,rank,-0.0015508702222580032,self_cert_logprob
es_svd_ms_rr_r1,science,40,tok_logprob_prefix::rank,tok_logprob_prefix,rank,0.020730109124027833,self_cert_logprob
es_svd_ms_rr_r1,science,40,tok_logprob_recency::rank,tok_logprob_recency,rank,0.015155942885024901,self_cert_logprob
es_svd_ms_rr_r1,science,40,traj_continuity::rank,traj_continuity,rank,-0.06635983097124834,trajectory
es_svd_ms_rr_r1,science,40,traj_reflection_count::rank,traj_reflection_count,rank,-0.08184706657924383,trajectory
es_svd_ms_rr_r1,science,40,traj_novelty::rank,traj_novelty,rank,0.022557350043103955,trajectory
es_svd_ms_rr_r1,science,40,traj_max_reflection::rank,traj_max_reflection,rank,-0.05460498510578397,trajectory
es_svd_ms_rr_r1,science,40,traj_late_convergence::rank,traj_late_convergence,rank,-0.10364336897606159,trajectory
es_svd_ms_rr_r1,science,40,has_tok_conf::rank,has_tok_conf,rank,0.011132917564068706,availability_meta
es_svd_ms_rr_r1,science,40,has_tok_gini::rank,has_tok_gini,rank,0.011132917564068706,availability_meta
es_svd_ms_rr_r1,science,40,has_tok_neg_entropy::rank,has_tok_neg_entropy,rank,0.011132917564068706,availability_meta
es_svd_ms_rr_r1,science,40,has_tok_selfcert::rank,has_tok_selfcert,rank,0.011132917564068706,availability_meta
es_svd_ms_rr_r1,science,40,has_tok_logprob::rank,has_tok_logprob,rank,0.011132917564068706,availability_meta
es_svd_ms_rr_r1,science,40,has_rows_bank::rank,has_rows_bank,rank,0.01113291756406871,availability_meta
es_svd_ms_rr_r1,science,40,tok_conf_prefix::raw,tok_conf_prefix,raw,0.04816176259052673,confidence
es_svd_ms_rr_r1,science,40,tok_conf_recency::raw,tok_conf_recency,raw,0.05048783061275255,confidence
es_svd_ms_rr_r1,science,40,tok_gini_prefix::raw,tok_gini_prefix,raw,0.04719401335234072,uncertainty
es_svd_ms_rr_r1,science,40,tok_gini_tail::raw,tok_gini_tail,raw,0.3625173323598687,uncertainty
es_svd_ms_rr_r1,science,40,tok_gini_slope::raw,tok_gini_slope,raw,1.5318732998145794,uncertainty
es_svd_ms_rr_r1,science,40,tok_neg_entropy_prefix::raw,tok_neg_entropy_prefix,raw,0.02263338578703762,uncertainty
es_svd_ms_rr_r1,science,40,tok_neg_entropy_recency::raw,tok_neg_entropy_recency,raw,0.03412519271916596,uncertainty
es_svd_ms_rr_r1,science,40,tok_selfcert_prefix::raw,tok_selfcert_prefix,raw,0.022633385787037538,self_cert_logprob
es_svd_ms_rr_r1,science,40,tok_selfcert_recency::raw,tok_selfcert_recency,raw,0.03412519271916591,self_cert_logprob
es_svd_ms_rr_r1,science,40,tok_logprob_prefix::raw,tok_logprob_prefix,raw,-0.2939576122952075,self_cert_logprob
es_svd_ms_rr_r1,science,40,tok_logprob_recency::raw,tok_logprob_recency,raw,-0.2827926208977407,self_cert_logprob
es_svd_ms_rr_r1,science,40,traj_continuity::raw,traj_continuity,raw,2.033652169494051,trajectory
es_svd_ms_rr_r1,science,40,traj_reflection_count::raw,traj_reflection_count,raw,0.0025758750535586714,trajectory
es_svd_ms_rr_r1,science,40,traj_novelty::raw,traj_novelty,raw,-0.09600361637000603,trajectory
es_svd_ms_rr_r1,science,40,traj_max_reflection::raw,traj_max_reflection,raw,0.27888775214349604,trajectory
es_svd_ms_rr_r1,science,40,traj_late_convergence::raw,traj_late_convergence,raw,0.06082629995812296,trajectory
es_svd_ms_rr_r1,science,40,has_tok_conf::raw,has_tok_conf,raw,1.2322151748497099e-17,availability_meta
es_svd_ms_rr_r1,science,40,has_tok_gini::raw,has_tok_gini,raw,-7.901663732670106e-19,availability_meta
es_svd_ms_rr_r1,science,40,has_tok_neg_entropy::raw,has_tok_neg_entropy,raw,1.3133045885121557e-20,availability_meta
es_svd_ms_rr_r1,science,40,has_tok_selfcert::raw,has_tok_selfcert,raw,-1.7977107285712485e-22,availability_meta
es_svd_ms_rr_r1,science,40,has_tok_logprob::raw,has_tok_logprob,raw,-4.535288970009602e-32,availability_meta
es_svd_ms_rr_r1,science,40,has_rows_bank::raw,has_rows_bank,raw,-6.189414641355557e-25,availability_meta
es_svd_ms_rr_r1,science,40,tok_conf_prefix::rank,tok_conf_prefix,rank,-0.05579088196038967,confidence
es_svd_ms_rr_r1,science,40,tok_conf_recency::rank,tok_conf_recency,rank,-0.05981145182172483,confidence
es_svd_ms_rr_r1,science,40,tok_gini_prefix::rank,tok_gini_prefix,rank,0.0059701498019388895,uncertainty
es_svd_ms_rr_r1,science,40,tok_gini_tail::rank,tok_gini_tail,rank,-0.05923925333161303,uncertainty
es_svd_ms_rr_r1,science,40,tok_gini_slope::rank,tok_gini_slope,rank,-0.162777030619212,uncertainty
es_svd_ms_rr_r1,science,40,tok_neg_entropy_prefix::rank,tok_neg_entropy_prefix,rank,0.005076189131289289,uncertainty
es_svd_ms_rr_r1,science,40,tok_neg_entropy_recency::rank,tok_neg_entropy_recency,rank,-0.0015508702222580032,uncertainty
es_svd_ms_rr_r1,science,40,tok_selfcert_prefix::rank,tok_selfcert_prefix,rank,0.005076189131289289,self_cert_logprob
es_svd_ms_rr_r1,science,40,tok_selfcert_recency::rank,tok_selfcert_recency,rank,-0.0015508702222580032,self_cert_logprob
es_svd_ms_rr_r1,science,40,tok_logprob_prefix::rank,tok_logprob_prefix,rank,0.020730109124027833,self_cert_logprob
es_svd_ms_rr_r1,science,40,tok_logprob_recency::rank,tok_logprob_recency,rank,0.015155942885024901,self_cert_logprob
es_svd_ms_rr_r1,science,40,traj_continuity::rank,traj_continuity,rank,-0.06635983097124834,trajectory
es_svd_ms_rr_r1,science,40,traj_reflection_count::rank,traj_reflection_count,rank,-0.08184706657924383,trajectory
es_svd_ms_rr_r1,science,40,traj_novelty::rank,traj_novelty,rank,0.022557350043103955,trajectory
es_svd_ms_rr_r1,science,40,traj_max_reflection::rank,traj_max_reflection,rank,-0.05460498510578397,trajectory
es_svd_ms_rr_r1,science,40,traj_late_convergence::rank,traj_late_convergence,rank,-0.10364336897606159,trajectory
es_svd_ms_rr_r1,science,40,has_tok_conf::rank,has_tok_conf,rank,0.011132917564068706,availability_meta
es_svd_ms_rr_r1,science,40,has_tok_gini::rank,has_tok_gini,rank,0.011132917564068706,availability_meta
es_svd_ms_rr_r1,science,40,has_tok_neg_entropy::rank,has_tok_neg_entropy,rank,0.011132917564068706,availability_meta
es_svd_ms_rr_r1,science,40,has_tok_selfcert::rank,has_tok_selfcert,rank,0.011132917564068706,availability_meta
es_svd_ms_rr_r1,science,40,has_tok_logprob::rank,has_tok_logprob,rank,0.011132917564068706,availability_meta
es_svd_ms_rr_r1,science,40,has_rows_bank::rank,has_rows_bank,rank,0.01113291756406871,availability_meta
es_svd_ms_rr_r1,science,70,tok_conf_prefix::raw,tok_conf_prefix,raw,0.06570437451458262,confidence
es_svd_ms_rr_r1,science,70,tok_conf_recency::raw,tok_conf_recency,raw,0.06803627998201112,confidence
es_svd_ms_rr_r1,science,70,tok_gini_prefix::raw,tok_gini_prefix,raw,0.05689071517793554,uncertainty
es_svd_ms_rr_r1,science,70,tok_gini_tail::raw,tok_gini_tail,raw,0.3127499857692627,uncertainty
es_svd_ms_rr_r1,science,70,tok_gini_slope::raw,tok_gini_slope,raw,0.9806643827642176,uncertainty
es_svd_ms_rr_r1,science,70,tok_neg_entropy_prefix::raw,tok_neg_entropy_prefix,raw,0.017166356513702907,uncertainty
es_svd_ms_rr_r1,science,70,tok_neg_entropy_recency::raw,tok_neg_entropy_recency,raw,0.02410866819460777,uncertainty
es_svd_ms_rr_r1,science,70,tok_selfcert_prefix::raw,tok_selfcert_prefix,raw,0.017166356513703178,self_cert_logprob
es_svd_ms_rr_r1,science,70,tok_selfcert_recency::raw,tok_selfcert_recency,raw,0.02410866819460779,self_cert_logprob
es_svd_ms_rr_r1,science,70,tok_logprob_prefix::raw,tok_logprob_prefix,raw,-0.3139816173484843,self_cert_logprob
es_svd_ms_rr_r1,science,70,tok_logprob_recency::raw,tok_logprob_recency,raw,-0.31232123841683784,self_cert_logprob
es_svd_ms_rr_r1,science,70,traj_continuity::raw,traj_continuity,raw,2.0563293660880175,trajectory
es_svd_ms_rr_r1,science,70,traj_reflection_count::raw,traj_reflection_count,raw,0.0011112132451685628,trajectory
es_svd_ms_rr_r1,science,70,traj_novelty::raw,traj_novelty,raw,-0.2545640511987296,trajectory
es_svd_ms_rr_r1,science,70,traj_max_reflection::raw,traj_max_reflection,raw,0.26431868761721833,trajectory
es_svd_ms_rr_r1,science,70,traj_late_convergence::raw,traj_late_convergence,raw,0.042171072329098405,trajectory
es_svd_ms_rr_r1,science,70,has_tok_conf::raw,has_tok_conf,raw,-7.76302599138604e-19,availability_meta
es_svd_ms_rr_r1,science,70,has_tok_gini::raw,has_tok_gini,raw,1.0904421840964472e-18,availability_meta
es_svd_ms_rr_r1,science,70,has_tok_neg_entropy::raw,has_tok_neg_entropy,raw,1.1058032911840767e-20,availability_meta
es_svd_ms_rr_r1,science,70,has_tok_selfcert::raw,has_tok_selfcert,raw,-1.0834835073615014e-22,availability_meta
es_svd_ms_rr_r1,science,70,has_tok_logprob::raw,has_tok_logprob,raw,4.156329994462849e-22,availability_meta
es_svd_ms_rr_r1,science,70,has_rows_bank::raw,has_rows_bank,raw,1.1698665026944276e-23,availability_meta
es_svd_ms_rr_r1,science,70,tok_conf_prefix::rank,tok_conf_prefix,rank,-0.041684627528893244,confidence
es_svd_ms_rr_r1,science,70,tok_conf_recency::rank,tok_conf_recency,rank,-0.04220413920073357,confidence
es_svd_ms_rr_r1,science,70,tok_gini_prefix::rank,tok_gini_prefix,rank,-0.0022281623018452308,uncertainty
es_svd_ms_rr_r1,science,70,tok_gini_tail::rank,tok_gini_tail,rank,-0.030335517348335003,uncertainty
es_svd_ms_rr_r1,science,70,tok_gini_slope::rank,tok_gini_slope,rank,-0.08916785639368527,uncertainty
es_svd_ms_rr_r1,science,70,tok_neg_entropy_prefix::rank,tok_neg_entropy_prefix,rank,0.00024158456118955098,uncertainty
es_svd_ms_rr_r1,science,70,tok_neg_entropy_recency::rank,tok_neg_entropy_recency,rank,-0.000999522585108343,uncertainty
es_svd_ms_rr_r1,science,70,tok_selfcert_prefix::rank,tok_selfcert_prefix,rank,0.00024158456118955098,self_cert_logprob
es_svd_ms_rr_r1,science,70,tok_selfcert_recency::rank,tok_selfcert_recency,rank,-0.000999522585108343,self_cert_logprob
es_svd_ms_rr_r1,science,70,tok_logprob_prefix::rank,tok_logprob_prefix,rank,0.01039027774079588,self_cert_logprob
es_svd_ms_rr_r1,science,70,tok_logprob_recency::rank,tok_logprob_recency,rank,0.00817555194406982,self_cert_logprob
es_svd_ms_rr_r1,science,70,traj_continuity::rank,traj_continuity,rank,-0.03643012955670961,trajectory
es_svd_ms_rr_r1,science,70,traj_reflection_count::rank,traj_reflection_count,rank,-0.08787779687858778,trajectory
es_svd_ms_rr_r1,science,70,traj_novelty::rank,traj_novelty,rank,0.05069435587015042,trajectory
es_svd_ms_rr_r1,science,70,traj_max_reflection::rank,traj_max_reflection,rank,-0.05780914128391458,trajectory
es_svd_ms_rr_r1,science,70,traj_late_convergence::rank,traj_late_convergence,rank,-0.07783618582051673,trajectory
es_svd_ms_rr_r1,science,70,has_tok_conf::rank,has_tok_conf,rank,0.008415514991916475,availability_meta
es_svd_ms_rr_r1,science,70,has_tok_gini::rank,has_tok_gini,rank,0.008415514991916475,availability_meta
es_svd_ms_rr_r1,science,70,has_tok_neg_entropy::rank,has_tok_neg_entropy,rank,0.008415514991916475,availability_meta
es_svd_ms_rr_r1,science,70,has_tok_selfcert::rank,has_tok_selfcert,rank,0.00841551499191648,availability_meta
es_svd_ms_rr_r1,science,70,has_tok_logprob::rank,has_tok_logprob,rank,0.00841551499191648,availability_meta
es_svd_ms_rr_r1,science,70,has_rows_bank::rank,has_rows_bank,rank,0.008415514991916475,availability_meta
es_svd_ms_rr_r1,science,70,tok_conf_prefix::raw,tok_conf_prefix,raw,0.06570437451458262,confidence
es_svd_ms_rr_r1,science,70,tok_conf_recency::raw,tok_conf_recency,raw,0.06803627998201112,confidence
es_svd_ms_rr_r1,science,70,tok_gini_prefix::raw,tok_gini_prefix,raw,0.05689071517793554,uncertainty
es_svd_ms_rr_r1,science,70,tok_gini_tail::raw,tok_gini_tail,raw,0.3127499857692627,uncertainty
es_svd_ms_rr_r1,science,70,tok_gini_slope::raw,tok_gini_slope,raw,0.9806643827642176,uncertainty
es_svd_ms_rr_r1,science,70,tok_neg_entropy_prefix::raw,tok_neg_entropy_prefix,raw,0.017166356513702907,uncertainty
es_svd_ms_rr_r1,science,70,tok_neg_entropy_recency::raw,tok_neg_entropy_recency,raw,0.02410866819460777,uncertainty
es_svd_ms_rr_r1,science,70,tok_selfcert_prefix::raw,tok_selfcert_prefix,raw,0.017166356513703178,self_cert_logprob
es_svd_ms_rr_r1,science,70,tok_selfcert_recency::raw,tok_selfcert_recency,raw,0.02410866819460779,self_cert_logprob
es_svd_ms_rr_r1,science,70,tok_logprob_prefix::raw,tok_logprob_prefix,raw,-0.3139816173484843,self_cert_logprob
es_svd_ms_rr_r1,science,70,tok_logprob_recency::raw,tok_logprob_recency,raw,-0.31232123841683784,self_cert_logprob
es_svd_ms_rr_r1,science,70,traj_continuity::raw,traj_continuity,raw,2.0563293660880175,trajectory
es_svd_ms_rr_r1,science,70,traj_reflection_count::raw,traj_reflection_count,raw,0.0011112132451685628,trajectory
es_svd_ms_rr_r1,science,70,traj_novelty::raw,traj_novelty,raw,-0.2545640511987296,trajectory
es_svd_ms_rr_r1,science,70,traj_max_reflection::raw,traj_max_reflection,raw,0.26431868761721833,trajectory
es_svd_ms_rr_r1,science,70,traj_late_convergence::raw,traj_late_convergence,raw,0.042171072329098405,trajectory
es_svd_ms_rr_r1,science,70,has_tok_conf::raw,has_tok_conf,raw,-7.76302599138604e-19,availability_meta
es_svd_ms_rr_r1,science,70,has_tok_gini::raw,has_tok_gini,raw,1.0904421840964472e-18,availability_meta
es_svd_ms_rr_r1,science,70,has_tok_neg_entropy::raw,has_tok_neg_entropy,raw,1.1058032911840767e-20,availability_meta
es_svd_ms_rr_r1,science,70,has_tok_selfcert::raw,has_tok_selfcert,raw,-1.0834835073615014e-22,availability_meta
es_svd_ms_rr_r1,science,70,has_tok_logprob::raw,has_tok_logprob,raw,4.156329994462849e-22,availability_meta
es_svd_ms_rr_r1,science,70,has_rows_bank::raw,has_rows_bank,raw,1.1698665026944276e-23,availability_meta
es_svd_ms_rr_r1,science,70,tok_conf_prefix::rank,tok_conf_prefix,rank,-0.041684627528893244,confidence
es_svd_ms_rr_r1,science,70,tok_conf_recency::rank,tok_conf_recency,rank,-0.04220413920073357,confidence
es_svd_ms_rr_r1,science,70,tok_gini_prefix::rank,tok_gini_prefix,rank,-0.0022281623018452308,uncertainty
es_svd_ms_rr_r1,science,70,tok_gini_tail::rank,tok_gini_tail,rank,-0.030335517348335003,uncertainty
es_svd_ms_rr_r1,science,70,tok_gini_slope::rank,tok_gini_slope,rank,-0.08916785639368527,uncertainty
es_svd_ms_rr_r1,science,70,tok_neg_entropy_prefix::rank,tok_neg_entropy_prefix,rank,0.00024158456118955098,uncertainty
es_svd_ms_rr_r1,science,70,tok_neg_entropy_recency::rank,tok_neg_entropy_recency,rank,-0.000999522585108343,uncertainty
es_svd_ms_rr_r1,science,70,tok_selfcert_prefix::rank,tok_selfcert_prefix,rank,0.00024158456118955098,self_cert_logprob
es_svd_ms_rr_r1,science,70,tok_selfcert_recency::rank,tok_selfcert_recency,rank,-0.000999522585108343,self_cert_logprob
es_svd_ms_rr_r1,science,70,tok_logprob_prefix::rank,tok_logprob_prefix,rank,0.01039027774079588,self_cert_logprob
es_svd_ms_rr_r1,science,70,tok_logprob_recency::rank,tok_logprob_recency,rank,0.00817555194406982,self_cert_logprob
es_svd_ms_rr_r1,science,70,traj_continuity::rank,traj_continuity,rank,-0.03643012955670961,trajectory
es_svd_ms_rr_r1,science,70,traj_reflection_count::rank,traj_reflection_count,rank,-0.08787779687858778,trajectory
es_svd_ms_rr_r1,science,70,traj_novelty::rank,traj_novelty,rank,0.05069435587015042,trajectory
es_svd_ms_rr_r1,science,70,traj_max_reflection::rank,traj_max_reflection,rank,-0.05780914128391458,trajectory
es_svd_ms_rr_r1,science,70,traj_late_convergence::rank,traj_late_convergence,rank,-0.07783618582051673,trajectory
es_svd_ms_rr_r1,science,70,has_tok_conf::rank,has_tok_conf,rank,0.008415514991916475,availability_meta
es_svd_ms_rr_r1,science,70,has_tok_gini::rank,has_tok_gini,rank,0.008415514991916475,availability_meta
es_svd_ms_rr_r1,science,70,has_tok_neg_entropy::rank,has_tok_neg_entropy,rank,0.008415514991916475,availability_meta
es_svd_ms_rr_r1,science,70,has_tok_selfcert::rank,has_tok_selfcert,rank,0.00841551499191648,availability_meta
es_svd_ms_rr_r1,science,70,has_tok_logprob::rank,has_tok_logprob,rank,0.00841551499191648,availability_meta
es_svd_ms_rr_r1,science,70,has_rows_bank::rank,has_rows_bank,rank,0.008415514991916475,availability_meta
es_svd_ms_rr_r1,science,70,tok_conf_prefix::raw,tok_conf_prefix,raw,0.06570437451458262,confidence
es_svd_ms_rr_r1,science,70,tok_conf_recency::raw,tok_conf_recency,raw,0.06803627998201112,confidence
es_svd_ms_rr_r1,science,70,tok_gini_prefix::raw,tok_gini_prefix,raw,0.05689071517793554,uncertainty
es_svd_ms_rr_r1,science,70,tok_gini_tail::raw,tok_gini_tail,raw,0.3127499857692627,uncertainty
es_svd_ms_rr_r1,science,70,tok_gini_slope::raw,tok_gini_slope,raw,0.9806643827642176,uncertainty
es_svd_ms_rr_r1,science,70,tok_neg_entropy_prefix::raw,tok_neg_entropy_prefix,raw,0.017166356513702907,uncertainty
es_svd_ms_rr_r1,science,70,tok_neg_entropy_recency::raw,tok_neg_entropy_recency,raw,0.02410866819460777,uncertainty
es_svd_ms_rr_r1,science,70,tok_selfcert_prefix::raw,tok_selfcert_prefix,raw,0.017166356513703178,self_cert_logprob
es_svd_ms_rr_r1,science,70,tok_selfcert_recency::raw,tok_selfcert_recency,raw,0.02410866819460779,self_cert_logprob
es_svd_ms_rr_r1,science,70,tok_logprob_prefix::raw,tok_logprob_prefix,raw,-0.3139816173484843,self_cert_logprob
es_svd_ms_rr_r1,science,70,tok_logprob_recency::raw,tok_logprob_recency,raw,-0.31232123841683784,self_cert_logprob
es_svd_ms_rr_r1,science,70,traj_continuity::raw,traj_continuity,raw,2.0563293660880175,trajectory
es_svd_ms_rr_r1,science,70,traj_reflection_count::raw,traj_reflection_count,raw,0.0011112132451685628,trajectory
es_svd_ms_rr_r1,science,70,traj_novelty::raw,traj_novelty,raw,-0.2545640511987296,trajectory
es_svd_ms_rr_r1,science,70,traj_max_reflection::raw,traj_max_reflection,raw,0.26431868761721833,trajectory
es_svd_ms_rr_r1,science,70,traj_late_convergence::raw,traj_late_convergence,raw,0.042171072329098405,trajectory
es_svd_ms_rr_r1,science,70,has_tok_conf::raw,has_tok_conf,raw,-7.76302599138604e-19,availability_meta
es_svd_ms_rr_r1,science,70,has_tok_gini::raw,has_tok_gini,raw,1.0904421840964472e-18,availability_meta
es_svd_ms_rr_r1,science,70,has_tok_neg_entropy::raw,has_tok_neg_entropy,raw,1.1058032911840767e-20,availability_meta
es_svd_ms_rr_r1,science,70,has_tok_selfcert::raw,has_tok_selfcert,raw,-1.0834835073615014e-22,availability_meta
es_svd_ms_rr_r1,science,70,has_tok_logprob::raw,has_tok_logprob,raw,4.156329994462849e-22,availability_meta
es_svd_ms_rr_r1,science,70,has_rows_bank::raw,has_rows_bank,raw,1.1698665026944276e-23,availability_meta
es_svd_ms_rr_r1,science,70,tok_conf_prefix::rank,tok_conf_prefix,rank,-0.041684627528893244,confidence
es_svd_ms_rr_r1,science,70,tok_conf_recency::rank,tok_conf_recency,rank,-0.04220413920073357,confidence
es_svd_ms_rr_r1,science,70,tok_gini_prefix::rank,tok_gini_prefix,rank,-0.0022281623018452308,uncertainty
es_svd_ms_rr_r1,science,70,tok_gini_tail::rank,tok_gini_tail,rank,-0.030335517348335003,uncertainty
es_svd_ms_rr_r1,science,70,tok_gini_slope::rank,tok_gini_slope,rank,-0.08916785639368527,uncertainty
es_svd_ms_rr_r1,science,70,tok_neg_entropy_prefix::rank,tok_neg_entropy_prefix,rank,0.00024158456118955098,uncertainty
es_svd_ms_rr_r1,science,70,tok_neg_entropy_recency::rank,tok_neg_entropy_recency,rank,-0.000999522585108343,uncertainty
es_svd_ms_rr_r1,science,70,tok_selfcert_prefix::rank,tok_selfcert_prefix,rank,0.00024158456118955098,self_cert_logprob
es_svd_ms_rr_r1,science,70,tok_selfcert_recency::rank,tok_selfcert_recency,rank,-0.000999522585108343,self_cert_logprob
es_svd_ms_rr_r1,science,70,tok_logprob_prefix::rank,tok_logprob_prefix,rank,0.01039027774079588,self_cert_logprob
es_svd_ms_rr_r1,science,70,tok_logprob_recency::rank,tok_logprob_recency,rank,0.00817555194406982,self_cert_logprob
es_svd_ms_rr_r1,science,70,traj_continuity::rank,traj_continuity,rank,-0.03643012955670961,trajectory
es_svd_ms_rr_r1,science,70,traj_reflection_count::rank,traj_reflection_count,rank,-0.08787779687858778,trajectory
es_svd_ms_rr_r1,science,70,traj_novelty::rank,traj_novelty,rank,0.05069435587015042,trajectory
es_svd_ms_rr_r1,science,70,traj_max_reflection::rank,traj_max_reflection,rank,-0.05780914128391458,trajectory
es_svd_ms_rr_r1,science,70,traj_late_convergence::rank,traj_late_convergence,rank,-0.07783618582051673,trajectory
es_svd_ms_rr_r1,science,70,has_tok_conf::rank,has_tok_conf,rank,0.008415514991916475,availability_meta
es_svd_ms_rr_r1,science,70,has_tok_gini::rank,has_tok_gini,rank,0.008415514991916475,availability_meta
es_svd_ms_rr_r1,science,70,has_tok_neg_entropy::rank,has_tok_neg_entropy,rank,0.008415514991916475,availability_meta
es_svd_ms_rr_r1,science,70,has_tok_selfcert::rank,has_tok_selfcert,rank,0.00841551499191648,availability_meta
es_svd_ms_rr_r1,science,70,has_tok_logprob::rank,has_tok_logprob,rank,0.00841551499191648,availability_meta
es_svd_ms_rr_r1,science,70,has_rows_bank::rank,has_rows_bank,rank,0.008415514991916475,availability_meta
es_svd_ms_rr_r1,science,100,tok_conf_prefix::raw,tok_conf_prefix,raw,0.3912817300543395,confidence
es_svd_ms_rr_r1,science,100,tok_conf_recency::raw,tok_conf_recency,raw,0.405074423779244,confidence
es_svd_ms_rr_r1,science,100,tok_gini_prefix::raw,tok_gini_prefix,raw,1.1458223180837708,uncertainty
es_svd_ms_rr_r1,science,100,tok_gini_tail::raw,tok_gini_tail,raw,8.061101880134366,uncertainty
es_svd_ms_rr_r1,science,100,tok_gini_slope::raw,tok_gini_slope,raw,5.713939969759193,uncertainty
es_svd_ms_rr_r1,science,100,tok_neg_entropy_prefix::raw,tok_neg_entropy_prefix,raw,0.3576487911838849,uncertainty
es_svd_ms_rr_r1,science,100,tok_neg_entropy_recency::raw,tok_neg_entropy_recency,raw,0.43563149253594924,uncertainty
es_svd_ms_rr_r1,science,100,tok_selfcert_prefix::raw,tok_selfcert_prefix,raw,0.3576487911838847,self_cert_logprob
es_svd_ms_rr_r1,science,100,tok_selfcert_recency::raw,tok_selfcert_recency,raw,0.43563149253595074,self_cert_logprob
es_svd_ms_rr_r1,science,100,tok_logprob_prefix::raw,tok_logprob_prefix,raw,-2.0229051519316243,self_cert_logprob
es_svd_ms_rr_r1,science,100,tok_logprob_recency::raw,tok_logprob_recency,raw,-2.021409142516619,self_cert_logprob
es_svd_ms_rr_r1,science,100,traj_continuity::raw,traj_continuity,raw,10.764201983574598,trajectory
es_svd_ms_rr_r1,science,100,traj_reflection_count::raw,traj_reflection_count,raw,0.003562654106946825,trajectory
es_svd_ms_rr_r1,science,100,traj_novelty::raw,traj_novelty,raw,-0.17713875513478156,trajectory
es_svd_ms_rr_r1,science,100,traj_max_reflection::raw,traj_max_reflection,raw,2.3010113218861727,trajectory
es_svd_ms_rr_r1,science,100,traj_late_convergence::raw,traj_late_convergence,raw,0.06593461375718569,trajectory
es_svd_ms_rr_r1,science,100,has_tok_conf::raw,has_tok_conf,raw,-2.2599137423631107e-20,availability_meta
es_svd_ms_rr_r1,science,100,has_tok_gini::raw,has_tok_gini,raw,3.4181652744290243e-19,availability_meta
es_svd_ms_rr_r1,science,100,has_tok_neg_entropy::raw,has_tok_neg_entropy,raw,8.958391168889869e-18,availability_meta
es_svd_ms_rr_r1,science,100,has_tok_selfcert::raw,has_tok_selfcert,raw,-4.4463831665207135e-18,availability_meta
es_svd_ms_rr_r1,science,100,has_tok_logprob::raw,has_tok_logprob,raw,-5.574101546982975e-19,availability_meta
es_svd_ms_rr_r1,science,100,has_rows_bank::raw,has_rows_bank,raw,1.7403331660180086e-20,availability_meta
es_svd_ms_rr_r1,science,100,tok_conf_prefix::rank,tok_conf_prefix,rank,-0.10106731738892753,confidence
es_svd_ms_rr_r1,science,100,tok_conf_recency::rank,tok_conf_recency,rank,-0.11498411644649308,confidence
es_svd_ms_rr_r1,science,100,tok_gini_prefix::rank,tok_gini_prefix,rank,-0.049212614457993,uncertainty
es_svd_ms_rr_r1,science,100,tok_gini_tail::rank,tok_gini_tail,rank,-0.5856071765635632,uncertainty
es_svd_ms_rr_r1,science,100,tok_gini_slope::rank,tok_gini_slope,rank,-0.262099055662031,uncertainty
es_svd_ms_rr_r1,science,100,tok_neg_entropy_prefix::rank,tok_neg_entropy_prefix,rank,-0.03581240672329972,uncertainty
es_svd_ms_rr_r1,science,100,tok_neg_entropy_recency::rank,tok_neg_entropy_recency,rank,-0.05296715855782704,uncertainty
es_svd_ms_rr_r1,science,100,tok_selfcert_prefix::rank,tok_selfcert_prefix,rank,-0.03581240672329972,self_cert_logprob
es_svd_ms_rr_r1,science,100,tok_selfcert_recency::rank,tok_selfcert_recency,rank,-0.05296715855782704,self_cert_logprob
es_svd_ms_rr_r1,science,100,tok_logprob_prefix::rank,tok_logprob_prefix,rank,0.13651257697186872,self_cert_logprob
es_svd_ms_rr_r1,science,100,tok_logprob_recency::rank,tok_logprob_recency,rank,0.12062838634719476,self_cert_logprob
es_svd_ms_rr_r1,science,100,traj_continuity::rank,traj_continuity,rank,0.024448070664087388,trajectory
es_svd_ms_rr_r1,science,100,traj_reflection_count::rank,traj_reflection_count,rank,-0.3975244603019134,trajectory
es_svd_ms_rr_r1,science,100,traj_novelty::rank,traj_novelty,rank,0.27823647694233855,trajectory
es_svd_ms_rr_r1,science,100,traj_max_reflection::rank,traj_max_reflection,rank,-0.5103335645118596,trajectory
es_svd_ms_rr_r1,science,100,traj_late_convergence::rank,traj_late_convergence,rank,-0.1457792859060362,trajectory
es_svd_ms_rr_r1,science,100,has_tok_conf::rank,has_tok_conf,rank,0.022198467138786992,availability_meta
es_svd_ms_rr_r1,science,100,has_tok_gini::rank,has_tok_gini,rank,0.022198467138786992,availability_meta
es_svd_ms_rr_r1,science,100,has_tok_neg_entropy::rank,has_tok_neg_entropy,rank,0.022198467138786992,availability_meta
es_svd_ms_rr_r1,science,100,has_tok_selfcert::rank,has_tok_selfcert,rank,0.02219846713878699,availability_meta
es_svd_ms_rr_r1,science,100,has_tok_logprob::rank,has_tok_logprob,rank,0.022198467138786922,availability_meta
es_svd_ms_rr_r1,science,100,has_rows_bank::rank,has_rows_bank,rank,0.022198467138786992,availability_meta
