row_kind,domain,model_name,display_name,representation,anchor_pct,id_auc_of_auroc,id_auc_of_selacc,id_auroc_at_100,id_stop_acc_at_100,holdout_anchor_auroc,holdout_anchor_group_top1,cv_mean_auroc,n_valid_scores,best_c,best_class_weight,best_penalty,best_l1_ratio,solver,fit_seed,seed_count_used,n_train_samples,n_holdout_samples,n_holdout_groups,active_dims,top_positive_features,top_negative_features,top_base_features,top_families,sparse_zero_fraction,ood_protocol,ood_fold_count,ood_macro_auc_of_auroc,ood_macro_auc_of_selacc,ood_macro_auroc_at_100,ood_macro_stop_acc_at_100,abs_gap_auc_of_auroc,abs_gap_auroc_at_100,svd_reference_method,svd_reference_id_auc_of_auroc,svd_reference_id_auroc_at_100,delta_vs_svd_id_auc_of_auroc,delta_vs_svd_id_auroc_at_100
id_summary,math,lr_raw,Logistic Regression (raw),raw,,0.953251433681315,0.9989010989010989,0.9781929747208009,0.75,nan,nan,0.9438856879306604,12,10%:1.00; 40%:10.00; 70%:10.00; 100%:10.00,10%:none; 40%:none; 70%:none; 100%:none,l2,,lbfgs,10%:42; 40%:42; 70%:42; 100%:42,1,10%:11648; 40%:11648; 70%:11648; 100%:11648,1792,28,16,tok_neg_entropy_prefix:4; tok_selfcert_prefix:4; tok_conf_recency:3; tok_neg_entropy_recency:3; tok_selfcert_recency:3,tok_gini_prefix:4; tok_logprob_prefix:4; tok_logprob_recency:4; traj_novelty:4; tok_gini_slope:2,traj_novelty:429.7971; tok_gini_prefix:168.8010; tok_logprob_prefix:114.1695; tok_logprob_recency:94.0684; tok_selfcert_prefix:61.4753,trajectory:454.0888; self_cert_logprob:296.8113; uncertainty:284.3586; confidence:31.3180; availability_meta:0.0000,0.2727272727272727,,,nan,nan,nan,nan,nan,nan,es_svd_math_rr_r1,0.9581,0.9817,-0.00484856631868491,-0.0035070252791991052
id_summary,math,lr_rank,Logistic Regression (rank),rank,,0.5891858682955685,0.9021978021978023,0.6148216817888478,0.7857142857142857,nan,nan,0.6130329232113746,12,10%:0.10; 40%:0.10; 70%:0.10; 100%:1.00,10%:balanced; 40%:balanced; 70%:balanced; 100%:balanced,l2,,lbfgs,10%:42; 40%:42; 70%:42; 100%:42,1,10%:11648; 40%:11648; 70%:11648; 100%:11648,1792,28,22,traj_continuity:4; traj_reflection_count:4; tok_conf_prefix:2; tok_conf_recency:2; tok_logprob_recency:2,tok_gini_prefix:4; tok_gini_slope:3; traj_novelty:3; tok_logprob_prefix:2; traj_late_convergence:2,tok_conf_recency:4.9844; traj_reflection_count:4.2302; tok_conf_prefix:3.7987; tok_gini_prefix:2.5689; traj_continuity:1.7675,confidence:8.7831; trajectory:8.5929; uncertainty:4.3942; self_cert_logprob:2.4994; availability_meta:0.3736,0.0,,,nan,nan,nan,nan,nan,nan,es_svd_math_rr_r1,0.9581,0.9817,-0.36891413170443144,-0.36687831821115224
id_summary,math,lr_raw_rank,Logistic Regression (raw+rank),raw+rank,,0.9592079146956426,0.9972527472527473,0.9832009146822439,0.75,nan,nan,0.9497492013830336,12,10%:1.00; 40%:1.00; 70%:10.00; 100%:10.00,10%:none; 40%:none; 70%:none; 100%:none,l2,,lbfgs,10%:42; 40%:42; 70%:42; 100%:42,1,10%:11648; 40%:11648; 70%:11648; 100%:11648,1792,28,38,tok_neg_entropy_prefix:4; tok_selfcert_prefix:4; tok_neg_entropy_recency:3; tok_selfcert_recency:3; tok_conf_recency:2,tok_logprob_prefix:4; tok_logprob_recency:4; traj_novelty:4; tok_gini_prefix:3; tok_gini_slope:2,traj_novelty:504.5678; tok_gini_prefix:157.7929; tok_logprob_prefix:151.2429; tok_logprob_recency:117.4078; tok_selfcert_prefix:49.7693,trajectory:569.6068; self_cert_logprob:362.3249; uncertainty:303.7649; confidence:58.2833; availability_meta:1.9401,0.13636363636363635,,,nan,nan,nan,nan,nan,nan,es_svd_math_rr_r1,0.9581,0.9817,0.0011079146956426422,0.0015009146822438924
id_summary,math,elasticnet_lr_raw_rank,Elastic-Net Logistic Regression (raw+rank),raw+rank,,0.9592879464670017,0.9972527472527473,0.9828612593095201,0.75,nan,nan,0.9502117162098038,36,10%:1.00; 40%:1.00; 70%:10.00; 100%:10.00,10%:none; 40%:none; 70%:none; 100%:none,elasticnet,10%:0.9; 40%:0.9; 70%:0.9; 100%:0.9,saga,10%:42; 40%:42; 70%:42; 100%:42,3,10%:11648; 40%:11648; 70%:11648; 100%:11648,1792,28,36,tok_neg_entropy_prefix:4; tok_selfcert_prefix:4; tok_conf_recency:3; traj_novelty:3; tok_logprob_prefix:2,tok_logprob_recency:4; traj_novelty:4; tok_gini_prefix:2; tok_logprob_prefix:2; traj_continuity:2,traj_novelty:514.6178; tok_gini_prefix:171.1080; tok_logprob_recency:170.7635; tok_selfcert_prefix:130.1013; tok_neg_entropy_prefix:130.1013,trajectory:584.4771; self_cert_logprob:438.8272; uncertainty:387.6278; confidence:85.1512; availability_meta:1.7926,0.1875,,,nan,nan,nan,nan,nan,nan,es_svd_math_rr_r1,0.9581,0.9817,0.0011879464670017104,0.0011612593095200463
id_summary,math,l1_lr_raw_rank,L1 Logistic Regression (raw+rank),raw+rank,,0.9592719603920653,0.9978021978021978,0.9826123830195164,0.75,nan,nan,0.9503017619122953,36,10%:0.10; 40%:1.00; 70%:10.00; 100%:10.00,10%:balanced; 40%:none; 70%:none; 100%:none,l1,,saga,10%:42; 40%:42; 70%:42; 100%:42,3,10%:11648; 40%:11648; 70%:11648; 100%:11648,1792,28,32,tok_neg_entropy_prefix:4; tok_selfcert_prefix:4; tok_conf_recency:3; traj_novelty:3; tok_logprob_prefix:2,traj_novelty:4; tok_logprob_recency:3; tok_gini_prefix:2; tok_logprob_prefix:2; tok_neg_entropy_recency:2,traj_novelty:500.2654; tok_logprob_recency:174.2039; tok_gini_prefix:167.4560; tok_selfcert_prefix:151.6402; tok_neg_entropy_prefix:151.6402,trajectory:562.1324; self_cert_logprob:475.5131; uncertainty:421.7616; confidence:91.0631; availability_meta:1.3272,0.26136363636363635,,,nan,nan,nan,nan,nan,nan,es_svd_math_rr_r1,0.9581,0.9817,0.001171960392065352,0.0009123830195163496
id_summary,math,linear_svm_raw_rank,Linear SVM (raw+rank),raw+rank,,0.9590187392105586,0.9972527472527473,0.9823822731451025,0.75,nan,nan,0.9498102231224257,12,10%:0.10; 40%:10.00; 70%:10.00; 100%:10.00,10%:none; 40%:none; 70%:none; 100%:none,l2,,linear_svc,10%:42; 40%:42; 70%:42; 100%:42,1,10%:11648; 40%:11648; 70%:11648; 100%:11648,1792,28,38,tok_conf_recency:4; tok_neg_entropy_prefix:4; tok_selfcert_prefix:4; tok_gini_slope:2; tok_logprob_recency:2,traj_novelty:4; tok_gini_prefix:3; tok_logprob_prefix:3; tok_neg_entropy_recency:3; tok_selfcert_recency:3,traj_novelty:164.2979; tok_selfcert_prefix:137.2027; tok_neg_entropy_prefix:137.2027; tok_logprob_prefix:107.7544; tok_selfcert_recency:102.3553,self_cert_logprob:397.3685; uncertainty:317.2868; trajectory:189.6247; confidence:41.6968; availability_meta:0.6293,0.13636363636363635,,,nan,nan,nan,nan,nan,nan,es_svd_math_rr_r1,0.9581,0.9817,0.0009187392105586278,0.0006822731451024966
anchor_route,math,lr_raw,Logistic Regression (raw),raw,10,nan,nan,nan,nan,0.9180340765406246,0.8125,0.9060884248869172,3,1.0,none,l2,,lbfgs,42,1,11648,1792,16,16,tok_selfcert_prefix::raw:7.0197; tok_neg_entropy_prefix::raw:7.0197; traj_max_reflection::raw:2.3046; tok_conf_recency::raw:0.4361; tok_gini_tail::raw:0.3130,traj_novelty::raw:-87.7942; tok_logprob_recency::raw:-21.8102; tok_gini_prefix::raw:-5.9274; tok_logprob_prefix::raw:-1.1004; tok_selfcert_recency::raw:-0.7055,traj_novelty:87.7942; tok_logprob_recency:21.8102; tok_selfcert_prefix:7.0197; tok_neg_entropy_prefix:7.0197; tok_gini_prefix:5.9274,trajectory:91.1360; self_cert_logprob:30.6358; uncertainty:14.0779; confidence:0.6611; availability_meta:0.0000,0.2727272727272727,,,nan,nan,nan,nan,nan,nan,,nan,nan,nan,nan
anchor_route,math,lr_raw,Logistic Regression (raw),raw,40,nan,nan,nan,nan,0.9623719126001957,0.75,0.9492145747411757,3,10.0,none,l2,,lbfgs,42,1,11648,1792,16,16,tok_selfcert_prefix::raw:9.2001; tok_neg_entropy_prefix::raw:9.2001; tok_neg_entropy_recency::raw:8.0341; tok_selfcert_recency::raw:8.0341; traj_max_reflection::raw:1.7992,traj_novelty::raw:-132.7618; tok_gini_prefix::raw:-35.1342; tok_logprob_prefix::raw:-24.3226; tok_logprob_recency::raw:-21.9797; traj_continuity::raw:-12.4829,traj_novelty:132.7618; tok_gini_prefix:35.1342; tok_logprob_prefix:24.3226; tok_logprob_recency:21.9797; traj_continuity:12.4829,trajectory:147.2711; self_cert_logprob:63.5366; uncertainty:54.8254; confidence:1.4280; availability_meta:0.0000,0.2727272727272727,,,nan,nan,nan,nan,nan,nan,,nan,nan,nan,nan
anchor_route,math,lr_raw,Logistic Regression (raw),raw,70,nan,nan,nan,nan,0.969482157875766,0.75,0.9570737228771553,3,10.0,none,l2,,lbfgs,42,1,11648,1792,16,16,tok_selfcert_prefix::raw:14.1494; tok_neg_entropy_prefix::raw:14.1494; tok_selfcert_recency::raw:13.6610; tok_neg_entropy_recency::raw:13.6610; tok_conf_recency::raw:5.4855,traj_novelty::raw:-113.8003; tok_gini_prefix::raw:-59.9836; tok_logprob_prefix::raw:-54.1451; tok_gini_slope::raw:-10.4657; tok_logprob_recency::raw:-6.9188,traj_novelty:113.8003; tok_gini_prefix:59.9836; tok_logprob_prefix:54.1451; tok_selfcert_prefix:14.1494; tok_neg_entropy_prefix:14.1494,trajectory:118.1604; uncertainty:98.8538; self_cert_logprob:88.8744; confidence:9.4209; availability_meta:0.0000,0.2727272727272727,,,nan,nan,nan,nan,nan,nan,,nan,nan,nan,nan
anchor_route,math,lr_raw,Logistic Regression (raw),raw,100,nan,nan,nan,nan,0.97686416871206,0.8125,0.9631660292173937,3,10.0,none,l2,,lbfgs,42,1,11648,1792,16,16,tok_neg_entropy_prefix::raw:31.1061; tok_selfcert_prefix::raw:31.1061; tok_conf_recency::raw:10.7681; tok_neg_entropy_recency::raw:4.6974; tok_selfcert_recency::raw:4.6974,traj_novelty::raw:-95.4408; tok_gini_prefix::raw:-67.7559; tok_logprob_recency::raw:-43.3597; tok_logprob_prefix::raw:-34.6013; tok_gini_slope::raw:-11.2919,traj_novelty:95.4408; tok_gini_prefix:67.7559; tok_logprob_recency:43.3597; tok_logprob_prefix:34.6013; tok_neg_entropy_prefix:31.1061,uncertainty:116.6015; self_cert_logprob:113.7645; trajectory:97.5213; confidence:19.8079; availability_meta:0.0000,0.2727272727272727,,,nan,nan,nan,nan,nan,nan,,nan,nan,nan,nan
anchor_route,math,lr_rank,Logistic Regression (rank),rank,10,nan,nan,nan,nan,0.9180068999845523,0.8125,0.5876493556183456,3,0.1,balanced,l2,,lbfgs,42,1,11648,1792,16,22,traj_reflection_count::rank:1.0564; tok_conf_prefix::rank:0.7996; traj_continuity::rank:0.2635; tok_neg_entropy_prefix::rank:0.2394; tok_selfcert_prefix::rank:0.2394,traj_novelty::rank:-0.6685; tok_logprob_prefix::rank:-0.6250; tok_gini_prefix::rank:-0.4340; tok_gini_slope::rank:-0.1734; tok_conf_recency::rank:-0.1506,traj_reflection_count:1.0564; tok_conf_prefix:0.7996; traj_novelty:0.6685; tok_logprob_prefix:0.6250; tok_gini_prefix:0.4340,trajectory:2.1571; self_cert_logprob:0.9997; confidence:0.9502; uncertainty:0.9055; availability_meta:0.0550,0.0,,,nan,nan,nan,nan,nan,nan,,nan,nan,nan,nan
anchor_route,math,lr_rank,Logistic Regression (rank),rank,40,nan,nan,nan,nan,0.950668829348392,0.75,0.6060078204149982,3,0.1,balanced,l2,,lbfgs,42,1,11648,1792,16,22,traj_reflection_count::rank:1.1922; traj_continuity::rank:0.5796; tok_conf_prefix::rank:0.3048; tok_neg_entropy_prefix::rank:0.1828; tok_selfcert_prefix::rank:0.1828,tok_gini_prefix::rank:-0.8767; traj_novelty::rank:-0.5047; tok_logprob_prefix::rank:-0.2195; tok_gini_slope::rank:-0.1079; tok_gini_tail::rank:-0.0650,traj_reflection_count:1.1922; tok_gini_prefix:0.8767; traj_continuity:0.5796; traj_novelty:0.5047; tok_conf_prefix:0.3048,trajectory:2.4481; uncertainty:1.4137; self_cert_logprob:0.6278; confidence:0.4304; availability_meta:0.0217,0.0,,,nan,nan,nan,nan,nan,nan,,nan,nan,nan,nan
anchor_route,math,lr_rank,Logistic Regression (rank),rank,70,nan,nan,nan,nan,0.9374510106818169,0.75,0.6186385937548418,3,0.1,balanced,l2,,lbfgs,42,1,11648,1792,16,22,traj_reflection_count::rank:1.1111; tok_conf_recency::rank:0.7239; traj_continuity::rank:0.5725; tok_logprob_recency::rank:0.3166; traj_max_reflection::rank:0.1932,tok_gini_prefix::rank:-0.7938; traj_novelty::rank:-0.2590; tok_gini_slope::rank:-0.1289; traj_late_convergence::rank:-0.0936; tok_neg_entropy_recency::rank:-0.0565,traj_reflection_count:1.1111; tok_gini_prefix:0.7938; tok_conf_recency:0.7239; traj_continuity:0.5725; tok_logprob_recency:0.3166,trajectory:2.2293; uncertainty:1.0427; confidence:0.7742; self_cert_logprob:0.4182; availability_meta:0.0621,0.0,,,nan,nan,nan,nan,nan,nan,,nan,nan,nan,nan
anchor_route,math,lr_rank,Logistic Regression (rank),rank,100,nan,nan,nan,nan,0.9503956334426117,0.8125,0.639835923057313,3,1.0,balanced,l2,,lbfgs,42,1,11648,1792,16,22,tok_conf_recency::rank:3.9844; traj_reflection_count::rank:0.8706; traj_continuity::rank:0.3519; traj_max_reflection::rank:0.1108; tok_logprob_recency::rank:0.1080,tok_conf_prefix::rank:-2.6441; tok_gini_prefix::rank:-0.4645; traj_late_convergence::rank:-0.3599; tok_neg_entropy_prefix::rank:-0.2617; tok_selfcert_prefix::rank:-0.2617,tok_conf_recency:3.9844; tok_conf_prefix:2.6441; traj_reflection_count:0.8706; tok_gini_prefix:0.4645; traj_late_convergence:0.3599,confidence:6.6285; trajectory:1.7584; uncertainty:1.0323; self_cert_logprob:0.4536; availability_meta:0.2349,0.0,,,nan,nan,nan,nan,nan,nan,,nan,nan,nan,nan
anchor_route,math,lr_raw_rank,Logistic Regression (raw+rank),raw+rank,10,nan,nan,nan,nan,0.9063452967393855,0.75,0.9157556783864101,3,1.0,none,l2,,lbfgs,42,1,11648,1792,16,38,tok_gini_prefix::raw:8.6622; tok_neg_entropy_prefix::raw:4.1469; tok_selfcert_prefix::raw:4.1469; traj_novelty::rank:2.4216; traj_max_reflection::raw:2.3080,traj_novelty::raw:-108.3994; tok_logprob_recency::raw:-18.4766; tok_logprob_prefix::raw:-8.3401; traj_continuity::raw:-5.6745; traj_reflection_count::rank:-3.1008,traj_novelty:110.8209; tok_logprob_recency:20.6859; tok_logprob_prefix:9.4909; tok_gini_prefix:9.3065; traj_continuity:5.7629,trajectory:125.1077; self_cert_logprob:35.0180; uncertainty:17.6886; confidence:5.0455; availability_meta:0.6847,0.13636363636363635,,,nan,nan,nan,nan,nan,nan,,nan,nan,nan,nan
anchor_route,math,lr_raw_rank,Logistic Regression (raw+rank),raw+rank,40,nan,nan,nan,nan,0.9604867178158059,0.75,0.9539670751038319,3,1.0,none,l2,,lbfgs,42,1,11648,1792,16,38,tok_selfcert_prefix::raw:5.4302; tok_neg_entropy_prefix::raw:5.4302; tok_neg_entropy_recency::raw:4.9034; tok_selfcert_recency::raw:4.9034; tok_gini_slope::raw:2.7317,traj_novelty::raw:-150.1272; tok_logprob_prefix::raw:-26.4525; tok_logprob_recency::raw:-26.0015; traj_continuity::raw:-19.2346; tok_gini_prefix::raw:-5.7906,traj_novelty:152.7173; tok_logprob_prefix:27.2642; tok_logprob_recency:27.1818; traj_continuity:19.8604; tok_gini_prefix:7.6337,trajectory:176.9302; self_cert_logprob:65.3369; uncertainty:23.9794; confidence:3.3433; availability_meta:0.1839,0.13636363636363635,,,nan,nan,nan,nan,nan,nan,,nan,nan,nan,nan
anchor_route,math,lr_raw_rank,Logistic Regression (raw+rank),raw+rank,70,nan,nan,nan,nan,0.9675182941132718,0.75,0.9614548519503233,3,10.0,none,l2,,lbfgs,42,1,11648,1792,16,38,tok_selfcert_prefix::raw:15.4340; tok_neg_entropy_prefix::raw:15.4340; tok_selfcert_recency::raw:14.8009; tok_neg_entropy_recency::raw:14.8009; tok_conf_recency::raw:7.7132,traj_novelty::raw:-130.0209; tok_logprob_prefix::raw:-57.4124; tok_gini_prefix::raw:-55.9092; tok_logprob_recency::raw:-21.4886; tok_gini_slope::raw:-11.1774,traj_novelty:132.2456; tok_logprob_prefix:59.5524; tok_gini_prefix:57.1408; tok_logprob_recency:22.9076; tok_selfcert_prefix:16.2103,trajectory:144.5488; self_cert_logprob:114.8189; uncertainty:101.3519; confidence:15.1763; availability_meta:0.1107,0.13636363636363635,,,nan,nan,nan,nan,nan,nan,,nan,nan,nan,nan
anchor_route,math,lr_raw_rank,Logistic Regression (raw+rank),raw+rank,100,nan,nan,nan,nan,0.9760088223683081,0.8125,0.9678192000915692,3,10.0,none,l2,,lbfgs,42,1,11648,1792,16,38,tok_neg_entropy_prefix::raw:23.5376; tok_selfcert_prefix::raw:23.5376; tok_neg_entropy_recency::raw:20.8137; tok_selfcert_recency::raw:20.8137; tok_conf_recency::raw:12.4882,traj_novelty::raw:-106.6374; tok_gini_prefix::raw:-83.5211; tok_logprob_prefix::raw:-50.9866; tok_logprob_recency::raw:-45.3787; tok_gini_slope::raw:-16.0503,traj_novelty:108.7839; tok_gini_prefix:83.7119; tok_logprob_prefix:54.9354; tok_logprob_recency:46.6325; tok_neg_entropy_prefix:23.7032,uncertainty:160.7450; self_cert_logprob:147.1512; trajectory:123.0201; confidence:34.7182; availability_meta:0.9608,0.13636363636363635,,,nan,nan,nan,nan,nan,nan,,nan,nan,nan,nan
anchor_route,math,elasticnet_lr_raw_rank,Elastic-Net Logistic Regression (raw+rank),raw+rank,10,nan,nan,nan,nan,0.906039202897307,0.75,0.9163056309247453,9,1.0,none,elasticnet,0.9,saga,42,3,11648,1792,16,33,tok_gini_prefix::raw:7.1744; tok_neg_entropy_prefix::raw:4.2803; tok_selfcert_prefix::raw:4.2803; traj_novelty::rank:2.4839; traj_max_reflection::raw:2.1790,traj_novelty::raw:-110.8818; tok_logprob_recency::raw:-27.3506; traj_continuity::raw:-6.6061; traj_reflection_count::rank:-3.1580; tok_conf_recency::rank:-1.2982,traj_novelty:113.3657; tok_logprob_recency:28.8517; tok_gini_prefix:7.7513; traj_continuity:6.7155; tok_neg_entropy_prefix:4.2803,trajectory:128.4231; self_cert_logprob:33.6255; uncertainty:15.2187; confidence:3.3286; availability_meta:0.6486,0.25,,,nan,nan,nan,nan,nan,nan,,nan,nan,nan,nan
anchor_route,math,elasticnet_lr_raw_rank,Elastic-Net Logistic Regression (raw+rank),raw+rank,40,nan,nan,nan,nan,0.9603193674442022,0.75,0.9542520363417784,9,1.0,none,elasticnet,0.9,saga,42,3,11648,1792,16,34,tok_selfcert_prefix::raw:9.2577; tok_neg_entropy_prefix::raw:9.2577; traj_novelty::rank:2.7649; tok_gini_slope::raw:2.5422; tok_conf_recency::raw:1.8540,traj_novelty::raw:-157.7753; tok_logprob_recency::raw:-27.7719; tok_logprob_prefix::raw:-26.4438; traj_continuity::raw:-22.7234; traj_reflection_count::rank:-2.5914,traj_novelty:160.5402; tok_logprob_recency:29.3472; tok_logprob_prefix:26.9778; traj_continuity:23.4186; tok_selfcert_prefix:9.2577,trajectory:187.6064; self_cert_logprob:66.0343; uncertainty:16.3200; confidence:3.4240; availability_meta:0.1281,0.2272727272727273,,,nan,nan,nan,nan,nan,nan,,nan,nan,nan,nan
anchor_route,math,elasticnet_lr_raw_rank,Elastic-Net Logistic Regression (raw+rank),raw+rank,70,nan,nan,nan,nan,0.9674010058186437,0.75,0.9618706406785272,9,10.0,none,elasticnet,0.9,saga,42,3,11648,1792,16,38,tok_selfcert_prefix::raw:47.5477; tok_neg_entropy_prefix::raw:47.5477; tok_conf_recency::raw:13.4500; traj_novelty::rank:2.2432; tok_logprob_prefix::rank:2.0504,traj_novelty::raw:-130.7051; tok_gini_prefix::raw:-62.1386; tok_logprob_prefix::raw:-59.0311; tok_logprob_recency::raw:-21.0035; tok_neg_entropy_recency::raw:-14.5702,traj_novelty:132.9483; tok_gini_prefix:63.5941; tok_logprob_prefix:61.0815; tok_selfcert_prefix:48.3348; tok_neg_entropy_prefix:48.3348,self_cert_logprob:147.6509; trajectory:144.6583; uncertainty:139.5307; confidence:27.5665; availability_meta:0.0638,0.13636363636363635,,,nan,nan,nan,nan,nan,nan,,nan,nan,nan,nan
anchor_route,math,elasticnet_lr_raw_rank,Elastic-Net Logistic Regression (raw+rank),raw+rank,100,nan,nan,nan,nan,0.9752335753477169,0.8125,0.9684185568941646,9,10.0,none,elasticnet,0.9,saga,42,3,11648,1792,16,38,tok_neg_entropy_prefix::raw:67.9650; tok_selfcert_prefix::raw:67.9650; tok_conf_recency::raw:22.2103; traj_continuity::raw:8.0304; tok_logprob_prefix::rank:4.3574,traj_novelty::raw:-105.6476; tok_gini_prefix::raw:-97.7261; tok_logprob_recency::raw:-88.4780; tok_conf_prefix::raw:-20.4653; tok_selfcert_recency::raw:-18.8007,traj_novelty:107.7636; tok_gini_prefix:97.7261; tok_logprob_recency:90.1024; tok_neg_entropy_prefix:68.2285; tok_selfcert_prefix:68.2285,uncertainty:216.5585; self_cert_logprob:191.5165; trajectory:123.7893; confidence:50.8321; availability_meta:0.9521,0.13636363636363635,,,nan,nan,nan,nan,nan,nan,,nan,nan,nan,nan
anchor_route,math,l1_lr_raw_rank,L1 Logistic Regression (raw+rank),raw+rank,10,nan,nan,nan,nan,0.9092617703094694,0.75,0.9164538808188847,9,0.1,balanced,l1,,saga,42,3,11648,1792,16,21,tok_neg_entropy_prefix::raw:4.5841; tok_selfcert_prefix::raw:4.5841; traj_max_reflection::raw:1.8622; traj_novelty::rank:1.8335; traj_late_convergence::rank:0.8666,traj_novelty::raw:-96.2541; tok_logprob_recency::raw:-22.7828; traj_reflection_count::rank:-2.6924; traj_late_convergence::raw:-0.4774; traj_continuity::rank:-0.1705,traj_novelty:98.0876; tok_logprob_recency:23.0862; tok_neg_entropy_prefix:4.5841; tok_selfcert_prefix:4.5841; traj_reflection_count:3.0403,trajectory:104.5045; self_cert_logprob:27.6703; uncertainty:4.6642; confidence:0.6981; availability_meta:0.1926,0.5227272727272727,,,nan,nan,nan,nan,nan,nan,,nan,nan,nan,nan
anchor_route,math,l1_lr_raw_rank,L1 Logistic Regression (raw+rank),raw+rank,40,nan,nan,nan,nan,0.9602693053672268,0.75,0.9542852361376267,9,1.0,none,l1,,saga,42,3,11648,1792,16,33,tok_selfcert_prefix::raw:9.1909; tok_neg_entropy_prefix::raw:9.1909; traj_novelty::rank:2.7896; tok_gini_slope::raw:2.4816; tok_conf_recency::raw:1.8625,traj_novelty::raw:-158.7603; tok_logprob_recency::raw:-27.7596; tok_logprob_prefix::raw:-26.6675; traj_continuity::raw:-23.1964; traj_reflection_count::rank:-2.6033,traj_novelty:161.5499; tok_logprob_recency:29.3678; tok_logprob_prefix:27.1743; traj_continuity:23.9031; tok_selfcert_prefix:9.1909,trajectory:189.0271; self_cert_logprob:66.1663; uncertainty:15.7069; confidence:3.4367; availability_meta:0.1213,0.25,,,nan,nan,nan,nan,nan,nan,,nan,nan,nan,nan
anchor_route,math,l1_lr_raw_rank,L1 Logistic Regression (raw+rank),raw+rank,70,nan,nan,nan,nan,0.9672493892426609,0.75,0.9619703594265133,9,10.0,none,l1,,saga,42,3,11648,1792,16,38,tok_selfcert_prefix::raw:56.7884; tok_neg_entropy_prefix::raw:56.7884; tok_conf_recency::raw:15.1046; traj_novelty::rank:2.2410; tok_logprob_prefix::rank:2.0666,traj_novelty::raw:-130.7171; tok_gini_prefix::raw:-63.1359; tok_logprob_prefix::raw:-60.4094; tok_neg_entropy_recency::raw:-23.2497; tok_selfcert_recency::raw:-23.2497,traj_novelty:132.9581; tok_gini_prefix:64.6325; tok_logprob_prefix:62.4760; tok_selfcert_prefix:57.5767; tok_neg_entropy_prefix:57.5767,self_cert_logprob:165.8746; uncertainty:158.5162; trajectory:144.3719; confidence:31.5381; availability_meta:0.0576,0.13636363636363635,,,nan,nan,nan,nan,nan,nan,,nan,nan,nan,nan
anchor_route,math,l1_lr_raw_rank,L1 Logistic Regression (raw+rank),raw+rank,100,nan,nan,nan,nan,0.9748716980484372,0.8125,0.9684975712661564,9,10.0,none,l1,,saga,42,3,11648,1792,16,38,tok_neg_entropy_prefix::raw:80.0256; tok_selfcert_prefix::raw:80.0256; tok_conf_recency::raw:25.0042; traj_continuity::raw:8.5787; tok_logprob_prefix::rank:4.3716,traj_novelty::raw:-105.5564; tok_gini_prefix::raw:-101.1205; tok_logprob_recency::raw:-98.7365; tok_selfcert_recency::raw:-29.5901; tok_neg_entropy_recency::raw:-29.5901,traj_novelty:107.6698; tok_gini_prefix:101.1589; tok_logprob_recency:100.3550; tok_neg_entropy_prefix:80.2886; tok_selfcert_prefix:80.2886,uncertainty:242.8744; self_cert_logprob:215.8019; trajectory:124.2289; confidence:55.3903; availability_meta:0.9556,0.13636363636363635,,,nan,nan,nan,nan,nan,nan,,nan,nan,nan,nan
anchor_route,math,linear_svm_raw_rank,Linear SVM (raw+rank),raw+rank,10,nan,nan,nan,nan,0.9066656940320282,0.75,0.9154226784183875,3,0.1,none,l2,,linear_svc,42,1,11648,1792,16,38,tok_neg_entropy_prefix::raw:2.9928; tok_selfcert_prefix::raw:2.9928; traj_max_reflection::raw:1.2139; tok_gini_slope::raw:0.9952; traj_novelty::rank:0.8777,traj_novelty::raw:-38.1809; tok_logprob_recency::raw:-8.9311; traj_continuity::raw:-3.2775; traj_reflection_count::rank:-1.0153; tok_gini_prefix::raw:-0.9753,traj_novelty:39.0586; tok_logprob_recency:9.6808; traj_continuity:3.3559; tok_neg_entropy_prefix:3.0035; tok_selfcert_prefix:3.0035,trajectory:45.8797; self_cert_logprob:13.6710; uncertainty:5.9900; confidence:1.4457; availability_meta:0.2692,0.13636363636363635,,,nan,nan,nan,nan,nan,nan,,nan,nan,nan,nan
anchor_route,math,linear_svm_raw_rank,Linear SVM (raw+rank),raw+rank,40,nan,nan,nan,nan,0.9613792531310253,0.75,0.953860644067342,3,10.0,none,l2,,linear_svc,42,1,11648,1792,16,38,tok_neg_entropy_prefix::raw:33.1518; tok_selfcert_prefix::raw:33.1518; tok_conf_recency::raw:3.7058; tok_logprob_recency::raw:2.9428; tok_gini_slope::raw:1.5782,traj_novelty::raw:-49.9444; tok_selfcert_recency::raw:-27.6292; tok_neg_entropy_recency::raw:-27.6292; tok_logprob_prefix::raw:-20.1870; traj_continuity::raw:-8.3545,traj_novelty:50.8404; tok_neg_entropy_prefix:33.2287; tok_selfcert_prefix:33.2287; tok_selfcert_recency:27.9368; tok_neg_entropy_recency:27.9368,self_cert_logprob:84.9557; uncertainty:71.5021; trajectory:60.7479; confidence:7.9883; availability_meta:0.0952,0.13636363636363635,,,nan,nan,nan,nan,nan,nan,,nan,nan,nan,nan
anchor_route,math,linear_svm_raw_rank,Linear SVM (raw+rank),raw+rank,70,nan,nan,nan,nan,0.9678086541597295,0.75,0.9617263373609152,3,10.0,none,l2,,linear_svc,42,1,11648,1792,16,38,tok_selfcert_prefix::raw:47.1203; tok_neg_entropy_prefix::raw:47.1203; tok_logprob_recency::raw:34.4903; tok_conf_recency::raw:6.0023; traj_novelty::rank:0.7045,tok_logprob_prefix::raw:-57.8900; traj_novelty::raw:-40.3982; tok_neg_entropy_recency::raw:-36.3365; tok_selfcert_recency::raw:-36.3365; tok_gini_prefix::raw:-21.0396,tok_logprob_prefix:58.1883; tok_selfcert_prefix:47.3328; tok_neg_entropy_prefix:47.3328; traj_novelty:41.1027; tok_neg_entropy_recency:36.6425,self_cert_logprob:177.3044; uncertainty:107.0517; trajectory:46.3022; confidence:12.8913; availability_meta:0.0115,0.13636363636363635,,,nan,nan,nan,nan,nan,nan,,nan,nan,nan,nan
anchor_route,math,linear_svm_raw_rank,Linear SVM (raw+rank),raw+rank,100,nan,nan,nan,nan,0.9745627435162458,0.8125,0.9682312326430581,3,10.0,none,l2,,linear_svc,42,1,11648,1792,16,38,tok_neg_entropy_prefix::raw:53.4513; tok_selfcert_prefix::raw:53.4513; tok_conf_recency::raw:8.9954; tok_logprob_prefix::rank:1.2490; tok_conf_recency::rank:0.7593,tok_selfcert_recency::raw:-37.2066; tok_neg_entropy_recency::raw:-37.2066; tok_gini_prefix::raw:-34.4542; traj_novelty::raw:-32.6352; tok_logprob_prefix::raw:-27.5021,tok_neg_entropy_prefix:53.6377; tok_selfcert_prefix:53.6377; tok_selfcert_recency:37.3323; tok_neg_entropy_recency:37.3323; tok_gini_prefix:34.4574,uncertainty:132.7430; self_cert_logprob:121.4374; trajectory:36.6949; confidence:19.3716; availability_meta:0.2534,0.13636363636363635,,,nan,nan,nan,nan,nan,nan,,nan,nan,nan,nan
ood_summary,math,lr_raw,Logistic Regression (raw),raw,,0.953251433681315,0.9989010989010989,0.9781929747208009,0.75,nan,nan,nan,,,,l2,,lbfgs,,,,,,,,,,,nan,math_benchmark_withheld,4,0.8316702379409399,0.44840494791666663,0.8369528298852869,0.33472222222222225,-0.12158119574037518,-0.14124014483551406,es_svd_math_rr_r1,0.7226194015428071,0.7242642745704551,0.10905083639813273,0.1126885553148318
ood_summary,math,lr_rank,Logistic Regression (rank),rank,,0.5891858682955685,0.9021978021978023,0.6148216817888478,0.7857142857142857,nan,nan,nan,,,,l2,,lbfgs,,,,,,,,,,,nan,math_benchmark_withheld,4,0.5224522466214983,0.3121419270833334,0.5479378362783511,0.33749999999999997,-0.06673362167407026,-0.06688384551049664,es_svd_math_rr_r1,0.7226194015428071,0.7242642745704551,-0.20016715492130888,-0.17632643829210393
ood_summary,math,lr_raw_rank,Logistic Regression (raw+rank),raw+rank,,0.9592079146956426,0.9972527472527473,0.9832009146822439,0.75,nan,nan,nan,,,,l2,,lbfgs,,,,,,,,,,,nan,math_benchmark_withheld,4,0.7496546720529498,0.4291232638888889,0.7612551599645481,0.33611111111111114,-0.20955324264269282,-0.22194575471769584,es_svd_math_rr_r1,0.7226194015428071,0.7242642745704551,0.02703527051014265,0.03699088539409301
ood_summary,math,elasticnet_lr_raw_rank,Elastic-Net Logistic Regression (raw+rank),raw+rank,,0.9592879464670017,0.9972527472527473,0.9828612593095201,0.75,nan,nan,nan,,,,elasticnet,,saga,,,,,,,,,,,nan,math_benchmark_withheld,4,0.7502917480000609,0.4287651909722222,0.7660771230599419,0.33819444444444446,-0.20899619846694073,-0.21678413624957815,es_svd_math_rr_r1,0.7226194015428071,0.7242642745704551,0.027672346457253805,0.041812848489486854
ood_summary,math,l1_lr_raw_rank,L1 Logistic Regression (raw+rank),raw+rank,,0.9592719603920653,0.9978021978021978,0.9826123830195164,0.75,nan,nan,nan,,,,l1,,saga,,,,,,,,,,,nan,math_benchmark_withheld,4,0.7507287017135504,0.4286024305555556,0.767072881793611,0.3340277777777778,-0.20854325867851486,-0.21553950122590537,es_svd_math_rr_r1,0.7226194015428071,0.7242642745704551,0.028109300170743312,0.04280860722315594
ood_summary,math,linear_svm_raw_rank,Linear SVM (raw+rank),raw+rank,,0.9590187392105586,0.9972527472527473,0.9823822731451025,0.75,nan,nan,nan,,,,l2,,linear_svc,,,,,,,,,,,nan,math_benchmark_withheld,4,0.7487335035012117,0.4272243923611111,0.7673589573933617,0.33611111111111114,-0.21028523570934687,-0.21502331575174083,es_svd_math_rr_r1,0.7226194015428071,0.7242642745704551,0.02611410195840458,0.04309468282290663
id_summary,science,lr_raw,Logistic Regression (raw),raw,,0.8265633680084328,0.9739583333333333,0.8742373019343102,0.6666666666666666,nan,nan,0.7368630889652021,12,10%:1.00; 40%:10.00; 70%:10.00; 100%:10.00,10%:none; 40%:none; 70%:none; 100%:none,l2,,lbfgs,10%:42; 40%:42; 70%:42; 100%:42,1,10%:21504; 40%:21504; 70%:21504; 100%:21504,3840,60,16,traj_continuity:4; tok_neg_entropy_recency:3; tok_selfcert_recency:3; traj_novelty:3; tok_conf_recency:2,tok_gini_prefix:4; tok_conf_prefix:3; tok_logprob_prefix:3; tok_gini_slope:2; tok_neg_entropy_prefix:2,tok_gini_prefix:143.2013; traj_continuity:69.4826; tok_selfcert_recency:66.1165; tok_neg_entropy_recency:66.1165; tok_selfcert_prefix:60.3961,uncertainty:286.5532; self_cert_logprob:182.3942; trajectory:107.0264; confidence:57.4681; availability_meta:0.0000,0.2727272727272727,,,nan,nan,nan,nan,nan,nan,es_svd_science_rr_r1,0.7985,0.8411,0.028063368008432787,0.03313730193431019
id_summary,science,lr_rank,Logistic Regression (rank),rank,,0.5366020347066576,0.7255208333333334,0.566544354334785,0.7666666666666667,nan,nan,0.535273193112323,12,10%:1.00; 40%:10.00; 70%:10.00; 100%:10.00,10%:balanced; 40%:balanced; 70%:none; 100%:none,l2,,lbfgs,10%:42; 40%:42; 70%:42; 100%:42,1,10%:21504; 40%:21504; 70%:21504; 100%:21504,3840,60,22,traj_reflection_count:4; tok_conf_recency:3; tok_neg_entropy_recency:3; tok_selfcert_recency:3; traj_continuity:3,tok_conf_prefix:3; tok_neg_entropy_prefix:3; tok_selfcert_prefix:3; traj_novelty:3; tok_gini_prefix:2,tok_conf_recency:2.9285; tok_conf_prefix:2.6872; tok_neg_entropy_recency:1.6391; tok_selfcert_recency:1.6391; tok_neg_entropy_prefix:1.5662,self_cert_logprob:5.9764; confidence:5.6157; uncertainty:3.7618; trajectory:2.3473; availability_meta:0.0484,0.0,,,nan,nan,nan,nan,nan,nan,es_svd_science_rr_r1,0.7985,0.8411,-0.2618979652933424,-0.27455564566521495
id_summary,science,lr_raw_rank,Logistic Regression (raw+rank),raw+rank,,0.8350591535257295,0.9828125000000001,0.8744561815095804,0.7166666666666666,nan,nan,0.7434963553186341,12,10%:1.00; 40%:10.00; 70%:10.00; 100%:10.00,10%:none; 40%:none; 70%:balanced; 100%:balanced,l2,,lbfgs,10%:42; 40%:42; 70%:42; 100%:42,1,10%:21504; 40%:21504; 70%:21504; 100%:21504,3840,60,38,traj_continuity:4; tok_conf_recency:3; tok_neg_entropy_recency:3; tok_selfcert_recency:3; traj_novelty:3,tok_gini_prefix:4; tok_conf_prefix:3; tok_logprob_recency:3; tok_logprob_prefix:2; tok_neg_entropy_prefix:2,tok_gini_prefix:147.4168; traj_continuity:94.1557; tok_selfcert_recency:56.0297; tok_neg_entropy_recency:56.0297; traj_novelty:50.2087,uncertainty:275.8801; trajectory:156.7660; self_cert_logprob:149.8324; confidence:67.0850; availability_meta:1.9110,0.13636363636363635,,,nan,nan,nan,nan,nan,nan,es_svd_science_rr_r1,0.7985,0.8411,0.03655915352572947,0.03335618150958042
id_summary,science,elasticnet_lr_raw_rank,Elastic-Net Logistic Regression (raw+rank),raw+rank,,0.835690371296672,0.98125,0.8693412364499207,0.7166666666666666,nan,nan,0.7437814684072228,36,10%:1.00; 40%:10.00; 70%:10.00; 100%:0.01,10%:none; 40%:none; 70%:none; 100%:none,elasticnet,10%:0.9; 40%:0.9; 70%:0.9; 100%:0.9,saga,10%:42; 40%:42; 70%:42; 100%:42,3,10%:21504; 40%:21504; 70%:21504; 100%:21504,3840,60,31,traj_continuity:4; tok_conf_recency:3; tok_neg_entropy_prefix:3; tok_selfcert_prefix:3; traj_novelty:3,tok_logprob_prefix:4; tok_gini_prefix:3; tok_neg_entropy_recency:3; tok_selfcert_recency:3; tok_conf_prefix:2,tok_gini_prefix:125.3424; traj_continuity:84.6023; tok_selfcert_prefix:66.0322; tok_neg_entropy_prefix:66.0322; traj_novelty:38.7951,uncertainty:259.7685; self_cert_logprob:144.5640; trajectory:133.6443; confidence:56.3443; availability_meta:1.9257,0.30113636363636365,,,nan,nan,nan,nan,nan,nan,es_svd_science_rr_r1,0.7985,0.8411,0.03719037129667202,0.028241236449920715
id_summary,science,l1_lr_raw_rank,L1 Logistic Regression (raw+rank),raw+rank,,0.836273425222497,0.9815104166666667,0.8734598870534827,0.7166666666666666,nan,nan,0.7437937470671797,36,10%:1.00; 40%:10.00; 70%:1.00; 100%:1.00,10%:none; 40%:none; 70%:none; 100%:balanced,l1,,saga,10%:42; 40%:42; 70%:42; 100%:42,3,10%:21504; 40%:21504; 70%:21504; 100%:21504,3840,60,35,traj_continuity:4; tok_conf_recency:3; tok_neg_entropy_prefix:3; tok_selfcert_prefix:3; traj_novelty:3,tok_gini_prefix:4; tok_conf_prefix:3; tok_logprob_prefix:3; tok_gini_slope:2; tok_logprob_recency:2,tok_gini_prefix:147.9759; traj_continuity:91.8850; tok_selfcert_prefix:60.6752; tok_neg_entropy_prefix:60.6752; traj_novelty:47.7987,uncertainty:269.1323; trajectory:151.3200; self_cert_logprob:128.5378; confidence:80.7722; availability_meta:1.9339,0.19886363636363638,,,nan,nan,nan,nan,nan,nan,es_svd_science_rr_r1,0.7985,0.8411,0.03777342522249705,0.032359887053482694
id_summary,science,linear_svm_raw_rank,Linear SVM (raw+rank),raw+rank,,0.835652271721121,0.9817708333333333,0.8738892715555022,0.7,nan,nan,0.7442669020311085,12,10%:0.10; 40%:10.00; 70%:1.00; 100%:1.00,10%:none; 40%:none; 70%:balanced; 100%:none,l2,,linear_svc,10%:42; 40%:42; 70%:42; 100%:42,1,10%:21504; 40%:21504; 70%:21504; 100%:21504,3840,60,38,traj_continuity:4; tok_neg_entropy_prefix:3; tok_selfcert_prefix:3; traj_novelty:3; tok_conf_recency:2,tok_gini_prefix:4; tok_conf_prefix:3; tok_logprob_prefix:3; tok_neg_entropy_recency:3; tok_selfcert_recency:3,tok_gini_prefix:65.6927; tok_selfcert_prefix:39.6702; tok_neg_entropy_prefix:39.6702; traj_continuity:37.5809; tok_neg_entropy_recency:31.8372,uncertainty:147.3432; self_cert_logprob:115.3899; trajectory:61.0264; confidence:30.5691; availability_meta:0.7982,0.13636363636363635,,,nan,nan,nan,nan,nan,nan,es_svd_science_rr_r1,0.7985,0.8411,0.03715227172112101,0.032789271555502264
anchor_route,science,lr_raw,Logistic Regression (raw),raw,10,nan,nan,nan,nan,0.8032316406927558,0.7333333333333333,0.7013942270560989,3,1.0,none,l2,,lbfgs,42,1,21504,3840,30,16,traj_continuity::raw:6.1136; tok_neg_entropy_prefix::raw:5.2900; tok_selfcert_prefix::raw:5.2900; tok_neg_entropy_recency::raw:5.2787; tok_selfcert_recency::raw:5.2787,tok_gini_prefix::raw:-46.7749; traj_novelty::raw:-2.8393; tok_logprob_prefix::raw:-2.5432; tok_logprob_recency::raw:-0.8976,tok_gini_prefix:46.7749; traj_continuity:6.1136; tok_neg_entropy_prefix:5.2900; tok_selfcert_prefix:5.2900; tok_neg_entropy_recency:5.2787,uncertainty:58.7063; self_cert_logprob:14.0096; trajectory:9.2422; confidence:0.2377; availability_meta:0.0000,0.2727272727272727,,,nan,nan,nan,nan,nan,nan,,nan,nan,nan,nan
anchor_route,science,lr_raw,Logistic Regression (raw),raw,40,nan,nan,nan,nan,0.8474661035082188,0.7333333333333333,0.7423562125728035,3,10.0,none,l2,,lbfgs,42,1,21504,3840,30,16,tok_selfcert_prefix::raw:27.7335; tok_neg_entropy_prefix::raw:27.7335; traj_continuity::raw:22.0066; traj_novelty::raw:10.4214; tok_conf_recency::raw:8.8429,tok_gini_prefix::raw:-39.5102; tok_selfcert_recency::raw:-16.6224; tok_neg_entropy_recency::raw:-16.6224; tok_logprob_prefix::raw:-12.2617; tok_conf_prefix::raw:-8.5832,tok_gini_prefix:39.5102; tok_selfcert_prefix:27.7335; tok_neg_entropy_prefix:27.7335; traj_continuity:22.0066; tok_selfcert_recency:16.6224,uncertainty:86.6057; self_cert_logprob:61.9089; trajectory:33.3773; confidence:17.4260; availability_meta:0.0000,0.2727272727272727,,,nan,nan,nan,nan,nan,nan,,nan,nan,nan,nan
anchor_route,science,lr_raw,Logistic Regression (raw),raw,70,nan,nan,nan,nan,0.8541631057783248,0.7,0.7438756241024178,3,10.0,none,l2,,lbfgs,42,1,21504,3840,30,16,traj_continuity::raw:21.6448; tok_selfcert_recency::raw:13.4383; tok_neg_entropy_recency::raw:13.4383; tok_logprob_recency::raw:10.1614; traj_novelty::raw:9.8600,tok_gini_prefix::raw:-31.2065; tok_logprob_prefix::raw:-18.0806; tok_conf_prefix::raw:-8.7961; tok_gini_slope::raw:-5.7019; tok_neg_entropy_prefix::raw:-4.0914,tok_gini_prefix:31.2065; traj_continuity:21.6448; tok_logprob_prefix:18.0806; tok_selfcert_recency:13.4383; tok_neg_entropy_recency:13.4383,uncertainty:54.9069; self_cert_logprob:45.7716; trajectory:32.3508; confidence:18.1507; availability_meta:0.0000,0.2727272727272727,,,nan,nan,nan,nan,nan,nan,,nan,nan,nan,nan
anchor_route,science,lr_raw,Logistic Regression (raw),raw,100,nan,nan,nan,nan,0.87483809827672,0.6666666666666666,0.7598262921294885,3,10.0,none,l2,,lbfgs,42,1,21504,3840,30,16,tok_selfcert_recency::raw:30.7771; tok_neg_entropy_recency::raw:30.7771; traj_continuity::raw:19.7176; traj_novelty::raw:11.7591; tok_conf_recency::raw:11.2525,tok_gini_prefix::raw:-25.7097; tok_selfcert_prefix::raw:-23.2813; tok_neg_entropy_prefix::raw:-23.2813; tok_conf_prefix::raw:-10.4011; tok_gini_slope::raw:-6.1889,tok_selfcert_recency:30.7771; tok_neg_entropy_recency:30.7771; tok_gini_prefix:25.7097; tok_selfcert_prefix:23.2813; tok_neg_entropy_prefix:23.2813,uncertainty:86.3343; self_cert_logprob:60.7041; trajectory:32.0561; confidence:21.6536; availability_meta:0.0000,0.2727272727272727,,,nan,nan,nan,nan,nan,nan,,nan,nan,nan,nan
anchor_route,science,lr_rank,Logistic Regression (rank),rank,10,nan,nan,nan,nan,0.6518853400284365,0.7,0.5270688105134685,3,1.0,balanced,l2,,lbfgs,42,1,21504,3840,30,22,tok_logprob_recency::rank:1.0613; tok_conf_prefix::rank:0.3696; tok_neg_entropy_prefix::rank:0.3132; tok_selfcert_prefix::rank:0.3132; traj_reflection_count::rank:0.2308,tok_logprob_prefix::rank:-1.1231; tok_neg_entropy_recency::rank:-0.3525; tok_selfcert_recency::rank:-0.3525; traj_novelty::rank:-0.1359; tok_gini_prefix::rank:-0.1173,tok_logprob_prefix:1.1231; tok_logprob_recency:1.0613; tok_conf_prefix:0.3696; tok_neg_entropy_recency:0.3525; tok_selfcert_recency:0.3525,self_cert_logprob:2.8500; uncertainty:0.8474; trajectory:0.5863; confidence:0.4792; availability_meta:0.0026,0.0,,,nan,nan,nan,nan,nan,nan,,nan,nan,nan,nan
anchor_route,science,lr_rank,Logistic Regression (rank),rank,40,nan,nan,nan,nan,0.7428481535923508,0.6666666666666666,0.5343081773955812,3,10.0,balanced,l2,,lbfgs,42,1,21504,3840,30,22,tok_neg_entropy_recency::rank:0.4256; tok_selfcert_recency::rank:0.4256; traj_reflection_count::rank:0.3306; tok_conf_recency::rank:0.1805; traj_continuity::rank:0.1450,tok_neg_entropy_prefix::rank:-0.3721; tok_selfcert_prefix::rank:-0.3721; traj_novelty::rank:-0.1854; tok_gini_prefix::rank:-0.1311; tok_conf_prefix::rank:-0.1035,tok_neg_entropy_recency:0.4256; tok_selfcert_recency:0.4256; tok_neg_entropy_prefix:0.3721; tok_selfcert_prefix:0.3721; traj_reflection_count:0.3306,uncertainty:0.9556; self_cert_logprob:0.9151; trajectory:0.7412; confidence:0.2840; availability_meta:0.0182,0.0,,,nan,nan,nan,nan,nan,nan,,nan,nan,nan,nan
anchor_route,science,lr_rank,Logistic Regression (rank),rank,70,nan,nan,nan,nan,0.7993478984744837,0.7,0.5368047017626276,3,10.0,none,l2,,lbfgs,42,1,21504,3840,30,22,tok_conf_recency::rank:1.2747; tok_neg_entropy_recency::rank:0.2974; tok_selfcert_recency::rank:0.2974; traj_continuity::rank:0.2446; traj_reflection_count::rank:0.2227,tok_conf_prefix::rank:-1.0990; tok_neg_entropy_prefix::rank:-0.3154; tok_selfcert_prefix::rank:-0.3154; tok_logprob_recency::rank:-0.1988; traj_novelty::rank:-0.0413,tok_conf_recency:1.2747; tok_conf_prefix:1.0990; tok_neg_entropy_prefix:0.3154; tok_selfcert_prefix:0.3154; tok_neg_entropy_recency:0.2974,confidence:2.3737; self_cert_logprob:0.9547; uncertainty:0.6675; trajectory:0.5350; availability_meta:0.0151,0.0,,,nan,nan,nan,nan,nan,nan,,nan,nan,nan,nan
anchor_route,science,lr_rank,Logistic Regression (rank),rank,100,nan,nan,nan,nan,0.8659719610904105,0.7333333333333333,0.5429110827776148,3,10.0,none,l2,,lbfgs,42,1,21504,3840,30,22,tok_conf_recency::rank:1.3636; tok_neg_entropy_recency::rank:0.5637; tok_selfcert_recency::rank:0.5637; traj_continuity::rank:0.2703; traj_reflection_count::rank:0.1531,tok_conf_prefix::rank:-1.1152; tok_neg_entropy_prefix::rank:-0.5656; tok_selfcert_prefix::rank:-0.5656; tok_logprob_prefix::rank:-0.1007; tok_logprob_recency::rank:-0.0265,tok_conf_recency:1.3636; tok_conf_prefix:1.1152; tok_neg_entropy_prefix:0.5656; tok_selfcert_prefix:0.5656; tok_neg_entropy_recency:0.5637,confidence:2.4788; uncertainty:1.2913; self_cert_logprob:1.2565; trajectory:0.4847; availability_meta:0.0125,0.0,,,nan,nan,nan,nan,nan,nan,,nan,nan,nan,nan
anchor_route,science,lr_raw_rank,Logistic Regression (raw+rank),raw+rank,10,nan,nan,nan,nan,0.8009805262138356,0.7,0.7088188869212587,3,1.0,none,l2,,lbfgs,42,1,21504,3840,30,38,traj_continuity::raw:9.5803; tok_neg_entropy_prefix::raw:5.6924; tok_selfcert_prefix::raw:5.6924; tok_neg_entropy_recency::raw:5.4023; tok_selfcert_recency::raw:5.4023,tok_gini_prefix::raw:-47.7550; tok_logprob_prefix::raw:-2.7414; tok_logprob_recency::raw:-1.6001; tok_neg_entropy_recency::rank:-1.1923; tok_selfcert_recency::rank:-1.1923,tok_gini_prefix:49.8279; traj_continuity:10.0338; tok_neg_entropy_recency:6.5946; tok_selfcert_recency:6.5946; tok_neg_entropy_prefix:5.8846,uncertainty:69.2828; self_cert_logprob:17.6059; trajectory:12.7815; confidence:0.6810; availability_meta:0.5896,0.13636363636363635,,,nan,nan,nan,nan,nan,nan,,nan,nan,nan,nan
anchor_route,science,lr_raw_rank,Logistic Regression (raw+rank),raw+rank,40,nan,nan,nan,nan,0.8410723306631419,0.7,0.7537399278574726,3,10.0,none,l2,,lbfgs,42,1,21504,3840,30,38,traj_continuity::raw:30.8629; traj_novelty::raw:17.4986; tok_selfcert_prefix::raw:15.1119; tok_neg_entropy_prefix::raw:15.1119; tok_conf_recency::raw:8.7799,tok_gini_prefix::raw:-35.5457; tok_conf_prefix::raw:-8.5516; tok_logprob_recency::raw:-5.6205; tok_selfcert_recency::raw:-4.5763; tok_neg_entropy_recency::raw:-4.5763,tok_gini_prefix:36.4140; traj_continuity:32.0726; traj_novelty:18.4581; tok_selfcert_prefix:15.9223; tok_neg_entropy_prefix:15.9223,uncertainty:64.2911; trajectory:54.2894; self_cert_logprob:29.0844; confidence:19.7249; availability_meta:0.7959,0.13636363636363635,,,nan,nan,nan,nan,nan,nan,,nan,nan,nan,nan
anchor_route,science,lr_raw_rank,Logistic Regression (raw+rank),raw+rank,70,nan,nan,nan,nan,0.852341197040886,0.7333333333333333,0.7512261013595722,3,10.0,balanced,l2,,lbfgs,42,1,21504,3840,30,38,traj_continuity::raw:27.5439; traj_novelty::raw:15.0529; tok_selfcert_recency::raw:13.8225; tok_neg_entropy_recency::raw:13.8225; tok_conf_recency::raw:10.5559,tok_gini_prefix::raw:-33.3619; tok_logprob_prefix::raw:-14.7211; tok_conf_prefix::raw:-9.9984; tok_gini_slope::raw:-4.7357; tok_neg_entropy_prefix::raw:-3.8857,tok_gini_prefix:34.3578; traj_continuity:28.3542; tok_logprob_prefix:16.6485; traj_novelty:15.5981; tok_selfcert_recency:14.5384,uncertainty:58.9294; trajectory:48.2868; self_cert_logprob:42.0439; confidence:21.8712; availability_meta:0.5179,0.13636363636363635,,,nan,nan,nan,nan,nan,nan,,nan,nan,nan,nan
anchor_route,science,lr_raw_rank,Logistic Regression (raw+rank),raw+rank,100,nan,nan,nan,nan,0.8743899011307482,0.7333333333333333,0.7602005051362332,3,10.0,balanced,l2,,lbfgs,42,1,21504,3840,30,38,tok_selfcert_recency::raw:29.7582; tok_neg_entropy_recency::raw:29.7582; traj_continuity::raw:23.2248; traj_novelty::raw:15.2130; tok_conf_recency::raw:11.5827,tok_gini_prefix::raw:-25.8137; tok_selfcert_prefix::raw:-21.9382; tok_neg_entropy_prefix::raw:-21.9382; tok_conf_prefix::raw:-10.7364; tok_logprob_recency::raw:-4.0377,tok_selfcert_recency:30.3094; tok_neg_entropy_recency:30.3094; tok_gini_prefix:26.8171; traj_continuity:23.6951; tok_selfcert_prefix:22.0922,uncertainty:83.3767; self_cert_logprob:61.0982; trajectory:41.4083; confidence:24.8079; availability_meta:0.0077,0.13636363636363635,,,nan,nan,nan,nan,nan,nan,,nan,nan,nan,nan
anchor_route,science,elasticnet_lr_raw_rank,Elastic-Net Logistic Regression (raw+rank),raw+rank,10,nan,nan,nan,nan,0.8015094368288912,0.7333333333333333,0.7091115827007938,9,1.0,none,elasticnet,0.9,saga,42,3,21504,3840,30,34,tok_neg_entropy_prefix::raw:11.3989; tok_selfcert_prefix::raw:11.3989; traj_continuity::raw:9.6323; tok_gini_slope::raw:5.2471; tok_gini_prefix::rank:2.0905,tok_gini_prefix::raw:-49.4322; tok_logprob_prefix::raw:-3.2677; tok_logprob_recency::raw:-1.0697; tok_neg_entropy_recency::rank:-1.0560; tok_selfcert_recency::rank:-1.0560,tok_gini_prefix:51.5227; tok_neg_entropy_prefix:11.7284; tok_selfcert_prefix:11.7284; traj_continuity:10.0849; tok_gini_slope:6.0141,uncertainty:72.4350; self_cert_logprob:18.0932; trajectory:12.5050; availability_meta:0.5651; confidence:0.4756,0.2272727272727273,,,nan,nan,nan,nan,nan,nan,,nan,nan,nan,nan
anchor_route,science,elasticnet_lr_raw_rank,Elastic-Net Logistic Regression (raw+rank),raw+rank,40,nan,nan,nan,nan,0.8409317942699135,0.7,0.7538866776013701,9,10.0,none,elasticnet,0.9,saga,42,3,21504,3840,30,38,tok_neg_entropy_prefix::raw:35.9547; tok_selfcert_prefix::raw:35.9547; traj_continuity::raw:30.4307; traj_novelty::raw:17.1758; tok_conf_recency::raw:11.2222,tok_gini_prefix::raw:-36.9399; tok_selfcert_recency::raw:-25.3981; tok_neg_entropy_recency::raw:-25.3981; tok_conf_prefix::raw:-10.9622; tok_logprob_prefix::raw:-4.6124,tok_gini_prefix:37.8182; tok_neg_entropy_prefix:36.9054; tok_selfcert_prefix:36.9054; traj_continuity:31.6236; tok_selfcert_recency:25.5759,uncertainty:109.0703; self_cert_logprob:70.6752; trajectory:53.4968; confidence:24.7047; availability_meta:0.7943,0.13636363636363635,,,nan,nan,nan,nan,nan,nan,,nan,nan,nan,nan
anchor_route,science,elasticnet_lr_raw_rank,Elastic-Net Logistic Regression (raw+rank),raw+rank,70,nan,nan,nan,nan,0.8545631913662542,0.7333333333333333,0.751237543094431,9,10.0,none,elasticnet,0.9,saga,42,3,21504,3840,30,38,traj_continuity::raw:26.4175; tok_selfcert_prefix::raw:17.3000; tok_neg_entropy_prefix::raw:17.3000; tok_conf_recency::raw:14.3872; traj_novelty::raw:13.8720,tok_gini_prefix::raw:-35.0141; tok_logprob_prefix::raw:-17.2523; tok_conf_prefix::raw:-13.7753; tok_neg_entropy_recency::raw:-7.5090; tok_selfcert_recency::raw:-7.5090,tok_gini_prefix:36.0015; traj_continuity:27.1880; tok_logprob_prefix:18.6940; tok_selfcert_prefix:17.3984; tok_neg_entropy_prefix:17.3984,uncertainty:66.9964; self_cert_logprob:53.8520; trajectory:45.6556; confidence:30.2072; availability_meta:0.5663,0.13636363636363635,,,nan,nan,nan,nan,nan,nan,,nan,nan,nan,nan
anchor_route,science,elasticnet_lr_raw_rank,Elastic-Net Logistic Regression (raw+rank),raw+rank,100,nan,nan,nan,nan,0.8665831677915908,0.7666666666666667,0.7608900702322964,9,0.01,none,elasticnet,0.9,saga,42,3,21504,3840,30,13,traj_continuity::raw:15.5433; traj_novelty::raw:5.9200; tok_gini_slope::raw:5.5935; tok_gini_tail::raw:5.1677; tok_conf_recency::raw:0.7472,tok_logprob_prefix::raw:-1.2799; tok_logprob_recency::raw:-0.6636; traj_reflection_count::rank:-0.3575; tok_gini_tail::rank:-0.2861; tok_gini_slope::rank:-0.2195,traj_continuity:15.7058; traj_novelty:5.9200; tok_gini_slope:5.8130; tok_gini_tail:5.4538; tok_logprob_prefix:1.2799,trajectory:21.9869; uncertainty:11.2668; self_cert_logprob:1.9435; confidence:0.9568; availability_meta:0.0000,0.7045454545454546,,,nan,nan,nan,nan,nan,nan,,nan,nan,nan,nan
anchor_route,science,l1_lr_raw_rank,L1 Logistic Regression (raw+rank),raw+rank,10,nan,nan,nan,nan,0.8017082135292234,0.7333333333333333,0.709161638395053,9,1.0,none,l1,,saga,42,3,21504,3840,30,33,tok_selfcert_prefix::raw:11.4335; tok_neg_entropy_prefix::raw:11.4335; traj_continuity::raw:9.6356; tok_gini_slope::raw:5.2334; tok_gini_prefix::rank:2.0973,tok_gini_prefix::raw:-49.6292; tok_logprob_prefix::raw:-3.4300; tok_neg_entropy_recency::rank:-1.0568; tok_selfcert_recency::rank:-1.0568; tok_logprob_recency::raw:-0.9047,tok_gini_prefix:51.7265; tok_selfcert_prefix:11.7650; tok_neg_entropy_prefix:11.7650; traj_continuity:10.0877; tok_gini_slope:5.9985,uncertainty:72.6604; self_cert_logprob:18.0754; trajectory:12.4868; availability_meta:0.5634; confidence:0.4770,0.25,,,nan,nan,nan,nan,nan,nan,,nan,nan,nan,nan
anchor_route,science,l1_lr_raw_rank,L1 Logistic Regression (raw+rank),raw+rank,40,nan,nan,nan,nan,0.8408919123204838,0.7,0.7539245861511098,9,10.0,none,l1,,saga,42,3,21504,3840,30,38,tok_selfcert_prefix::raw:38.2180; tok_neg_entropy_prefix::raw:38.2180; traj_continuity::raw:30.3718; traj_novelty::raw:17.1165; tok_conf_recency::raw:11.7635,tok_gini_prefix::raw:-37.0727; tok_selfcert_recency::raw:-27.6661; tok_neg_entropy_recency::raw:-27.6661; tok_conf_prefix::raw:-11.4974; tok_logprob_prefix::raw:-5.1373,tok_selfcert_prefix:39.1781; tok_neg_entropy_prefix:39.1781; tok_gini_prefix:37.9537; traj_continuity:31.5632; tok_selfcert_recency:27.8565,uncertainty:113.7744; self_cert_logprob:75.1638; trajectory:53.3661; confidence:25.8868; availability_meta:0.7958,0.13636363636363635,,,nan,nan,nan,nan,nan,nan,,nan,nan,nan,nan
anchor_route,science,l1_lr_raw_rank,L1 Logistic Regression (raw+rank),raw+rank,70,nan,nan,nan,nan,0.8545739531621321,0.7333333333333333,0.7513126946414962,9,1.0,none,l1,,saga,42,3,21504,3840,30,35,traj_continuity::raw:26.6685; traj_novelty::raw:14.0321; tok_conf_recency::raw:11.8362; tok_selfcert_prefix::raw:9.5315; tok_neg_entropy_prefix::raw:9.5315,tok_gini_prefix::raw:-33.3212; tok_conf_prefix::raw:-11.2561; tok_logprob_prefix::raw:-8.3630; tok_gini_slope::raw:-2.7811; traj_max_reflection::raw:-2.0228,tok_gini_prefix:34.2174; traj_continuity:27.4427; traj_novelty:14.5348; tok_conf_recency:12.5799; tok_conf_prefix:11.5145,uncertainty:48.9490; trajectory:46.0802; confidence:24.0944; self_cert_logprob:19.9659; availability_meta:0.5407,0.20454545454545459,,,nan,nan,nan,nan,nan,nan,,nan,nan,nan,nan
anchor_route,science,l1_lr_raw_rank,L1 Logistic Regression (raw+rank),raw+rank,100,nan,nan,nan,nan,0.8744620684678115,0.7,0.7607760690810597,9,1.0,balanced,l1,,saga,42,3,21504,3840,30,35,traj_continuity::raw:22.3356; tok_conf_recency::raw:14.9054; traj_novelty::raw:14.4598; tok_selfcert_recency::raw:6.9005; tok_neg_entropy_recency::raw:6.9005,tok_gini_prefix::raw:-23.1902; tok_conf_prefix::raw:-14.0040; tok_logprob_recency::raw:-6.7831; traj_max_reflection::raw:-1.2514; tok_gini_slope::raw:-0.9418,tok_gini_prefix:24.0783; traj_continuity:22.7915; tok_conf_recency:15.8431; traj_novelty:14.8275; tok_conf_prefix:14.4709,trajectory:39.3869; uncertainty:33.7484; confidence:30.3140; self_cert_logprob:15.3327; availability_meta:0.0341,0.20454545454545459,,,nan,nan,nan,nan,nan,nan,,nan,nan,nan,nan
anchor_route,science,linear_svm_raw_rank,Linear SVM (raw+rank),raw+rank,10,nan,nan,nan,nan,0.8037051597113813,0.7,0.709979014120662,3,0.1,none,l2,,linear_svc,42,1,21504,3840,30,38,traj_continuity::raw:4.3014; tok_selfcert_prefix::raw:3.7145; tok_neg_entropy_prefix::raw:3.7145; tok_gini_slope::raw:1.9017; tok_neg_entropy_recency::raw:1.0752,tok_gini_prefix::raw:-20.9574; tok_logprob_recency::raw:-1.0005; tok_logprob_prefix::raw:-0.7283; tok_neg_entropy_recency::rank:-0.4602; tok_selfcert_recency::rank:-0.4602,tok_gini_prefix:21.8686; traj_continuity:4.5099; tok_selfcert_prefix:3.8466; tok_neg_entropy_prefix:3.8466; tok_gini_slope:2.2032,uncertainty:30.2974; self_cert_logprob:7.6676; trajectory:5.5716; confidence:0.3242; availability_meta:0.2638,0.13636363636363635,,,nan,nan,nan,nan,nan,nan,,nan,nan,nan,nan
anchor_route,science,linear_svm_raw_rank,Linear SVM (raw+rank),raw+rank,40,nan,nan,nan,nan,0.840350024245693,0.7,0.7545920322815243,3,10.0,none,l2,,linear_svc,42,1,21504,3840,30,38,tok_selfcert_prefix::raw:21.6133; tok_neg_entropy_prefix::raw:21.6133; traj_continuity::raw:12.0610; traj_novelty::raw:6.8579; tok_conf_recency::raw:4.9395,tok_neg_entropy_recency::raw:-17.2843; tok_selfcert_recency::raw:-17.2843; tok_gini_prefix::raw:-16.2428; tok_logprob_prefix::raw:-5.0602; tok_conf_prefix::raw:-4.8345,tok_selfcert_prefix:22.0772; tok_neg_entropy_prefix:22.0772; tok_neg_entropy_recency:17.4253; tok_selfcert_recency:17.4253; tok_gini_prefix:16.6555,uncertainty:59.9014; self_cert_logprob:47.6245; trajectory:21.2258; confidence:10.7075; availability_meta:0.3144,0.13636363636363635,,,nan,nan,nan,nan,nan,nan,,nan,nan,nan,nan
anchor_route,science,linear_svm_raw_rank,Linear SVM (raw+rank),raw+rank,70,nan,nan,nan,nan,0.8536398925846163,0.7,0.7516300770927247,3,1.0,balanced,l2,,linear_svc,42,1,21504,3840,30,38,traj_continuity::raw:10.8336; tok_neg_entropy_prefix::raw:8.0953; tok_selfcert_prefix::raw:8.0953; traj_novelty::raw:5.6592; tok_conf_recency::raw:4.6991,tok_gini_prefix::raw:-14.8310; tok_logprob_prefix::raw:-7.2945; tok_conf_prefix::raw:-4.4663; tok_selfcert_recency::raw:-3.9970; tok_neg_entropy_recency::raw:-3.9970,tok_gini_prefix:15.2571; traj_continuity:11.1585; tok_neg_entropy_prefix:8.1722; tok_selfcert_prefix:8.1722; tok_logprob_prefix:7.8589,uncertainty:29.4230; self_cert_logprob:24.4146; trajectory:18.5607; confidence:9.6493; availability_meta:0.2119,0.13636363636363635,,,nan,nan,nan,nan,nan,nan,,nan,nan,nan,nan
anchor_route,science,linear_svm_raw_rank,Linear SVM (raw+rank),raw+rank,100,nan,nan,nan,nan,0.8755661021155159,0.7333333333333333,0.7608664846295229,3,1.0,none,l2,,linear_svc,42,1,21504,3840,30,38,tok_logprob_prefix::raw:9.3050; traj_continuity::raw:9.1802; tok_selfcert_recency::raw:8.4533; tok_neg_entropy_recency::raw:8.4533; traj_novelty::raw:5.7226,tok_logprob_recency::raw:-11.6923; tok_gini_prefix::raw:-11.4201; tok_selfcert_prefix::raw:-5.4300; tok_neg_entropy_prefix::raw:-5.4300; tok_conf_prefix::raw:-4.5443,tok_gini_prefix:11.9115; tok_logprob_recency:11.8478; tok_logprob_prefix:9.6369; traj_continuity:9.3675; tok_selfcert_recency:8.6244,self_cert_logprob:35.6832; uncertainty:27.7213; trajectory:15.6683; confidence:9.8881; availability_meta:0.0081,0.13636363636363635,,,nan,nan,nan,nan,nan,nan,,nan,nan,nan,nan
ood_summary,science,lr_raw,Logistic Regression (raw),raw,,0.8265633680084328,0.9739583333333333,0.8742373019343102,0.6666666666666666,nan,nan,nan,,,,l2,,lbfgs,,,,,,,,,,,nan,cache_root_withheld,3,0.5948780236081078,0.5440063091482651,0.6565882665728356,0.4057239057239057,-0.23168534440032496,-0.2176490353614745,es_svd_science_rr_r1,0.6306337331232112,0.6349788701109731,-0.03575570951510343,0.02160939646186255
ood_summary,science,lr_raw,Logistic Regression (raw),raw,,0.8265633680084328,0.9739583333333333,0.8742373019343102,0.6666666666666666,nan,nan,nan,,,,l2,,lbfgs,,,,,,,,,,,nan,model_family_withheld,1,nan,0.0,nan,0.0,nan,nan,es_svd_science_rr_r1,nan,nan,nan,nan
ood_summary,science,lr_rank,Logistic Regression (rank),rank,,0.5366020347066576,0.7255208333333334,0.566544354334785,0.7666666666666667,nan,nan,nan,,,,l2,,lbfgs,,,,,,,,,,,nan,cache_root_withheld,3,0.494427911898049,0.40113038906414294,0.4898383057787215,0.4023569023569024,-0.04217412280860855,-0.0767060485560635,es_svd_science_rr_r1,0.6306337331232112,0.6349788701109731,-0.13620582122516223,-0.1451405643322516
ood_summary,science,lr_rank,Logistic Regression (rank),rank,,0.5366020347066576,0.7255208333333334,0.566544354334785,0.7666666666666667,nan,nan,nan,,,,l2,,lbfgs,,,,,,,,,,,nan,model_family_withheld,1,nan,0.0,nan,0.0,nan,nan,es_svd_science_rr_r1,nan,nan,nan,nan
ood_summary,science,lr_raw_rank,Logistic Regression (raw+rank),raw+rank,,0.8350591535257295,0.9828125000000001,0.8744561815095804,0.7166666666666666,nan,nan,nan,,,,l2,,lbfgs,,,,,,,,,,,nan,cache_root_withheld,3,0.6229707925849594,0.5443480546792849,0.6599240729691889,0.3922558922558923,-0.2120883609407701,-0.2145321085403915,es_svd_science_rr_r1,0.6306337331232112,0.6349788701109731,-0.0076629405382518945,0.024945202858215776
ood_summary,science,lr_raw_rank,Logistic Regression (raw+rank),raw+rank,,0.8350591535257295,0.9828125000000001,0.8744561815095804,0.7166666666666666,nan,nan,nan,,,,l2,,lbfgs,,,,,,,,,,,nan,model_family_withheld,1,nan,0.0,nan,0.0,nan,nan,es_svd_science_rr_r1,nan,nan,nan,nan
ood_summary,science,elasticnet_lr_raw_rank,Elastic-Net Logistic Regression (raw+rank),raw+rank,,0.835690371296672,0.98125,0.8693412364499207,0.7166666666666666,nan,nan,nan,,,,elasticnet,,saga,,,,,,,,,,,nan,cache_root_withheld,3,0.6234627870838165,0.546030494216614,0.6649438226760793,0.3973063973063973,-0.21222758421285548,-0.20439741377384135,es_svd_science_rr_r1,0.6306337331232112,0.6349788701109731,-0.007170946039394721,0.02996495256510623
ood_summary,science,elasticnet_lr_raw_rank,Elastic-Net Logistic Regression (raw+rank),raw+rank,,0.835690371296672,0.98125,0.8693412364499207,0.7166666666666666,nan,nan,nan,,,,elasticnet,,saga,,,,,,,,,,,nan,model_family_withheld,1,nan,0.0,nan,0.0,nan,nan,es_svd_science_rr_r1,nan,nan,nan,nan
ood_summary,science,l1_lr_raw_rank,L1 Logistic Regression (raw+rank),raw+rank,,0.836273425222497,0.9815104166666667,0.8734598870534827,0.7166666666666666,nan,nan,nan,,,,l1,,saga,,,,,,,,,,,nan,cache_root_withheld,3,0.623515257454597,0.5460830704521557,0.6653840629361463,0.3956228956228956,-0.21275816776790002,-0.20807582411733638,es_svd_science_rr_r1,0.6306337331232112,0.6349788701109731,-0.0071184756686142325,0.030405192825173177
ood_summary,science,l1_lr_raw_rank,L1 Logistic Regression (raw+rank),raw+rank,,0.836273425222497,0.9815104166666667,0.8734598870534827,0.7166666666666666,nan,nan,nan,,,,l1,,saga,,,,,,,,,,,nan,model_family_withheld,1,nan,0.0,nan,0.0,nan,nan,es_svd_science_rr_r1,nan,nan,nan,nan
ood_summary,science,linear_svm_raw_rank,Linear SVM (raw+rank),raw+rank,,0.835652271721121,0.9817708333333333,0.8738892715555022,0.7,nan,nan,nan,,,,l2,,linear_svc,,,,,,,,,,,nan,cache_root_withheld,3,0.6356851877411822,0.5523396424815984,0.6901819483714795,0.39730639730639733,-0.1999670839799388,-0.18370732318402272,es_svd_science_rr_r1,0.6306337331232112,0.6349788701109731,0.005051454617970963,0.05520307826050641
ood_summary,science,linear_svm_raw_rank,Linear SVM (raw+rank),raw+rank,,0.835652271721121,0.9817708333333333,0.8738892715555022,0.7,nan,nan,nan,,,,l2,,linear_svc,,,,,,,,,,,nan,model_family_withheld,1,nan,0.0,nan,0.0,nan,nan,es_svd_science_rr_r1,nan,nan,nan,nan
id_summary,ms,lr_raw,Logistic Regression (raw),raw,,0.9250985301984522,0.9933582621082621,0.9550917141015807,0.7314814814814815,nan,nan,0.9438856879306604,12,10%:1.00; 40%:10.00; 70%:10.00; 100%:10.00,10%:none; 40%:none; 70%:none; 100%:none,l2,,lbfgs,10%:42; 40%:42; 70%:42; 100%:42,1,10%:11648; 40%:11648; 70%:11648; 100%:11648,5632,88,16,tok_neg_entropy_prefix:4; tok_selfcert_prefix:4; tok_conf_recency:3; tok_neg_entropy_recency:3; tok_selfcert_recency:3,tok_gini_prefix:4; tok_logprob_prefix:4; tok_logprob_recency:4; traj_novelty:4; tok_gini_slope:2,traj_novelty:429.7971; tok_gini_prefix:168.8010; tok_logprob_prefix:114.1695; tok_logprob_recency:94.0684; tok_selfcert_prefix:61.4753,trajectory:454.0888; self_cert_logprob:296.8113; uncertainty:284.3586; confidence:31.3180; availability_meta:0.0000,0.2727272727272727,,,nan,nan,nan,nan,nan,nan,es_svd_ms_rr_r1,0.9226,0.9505,0.0024985301984522534,0.004591714101580657
id_summary,ms,lr_rank,Logistic Regression (rank),rank,,0.5775005719424773,0.8629362535612536,0.6040933867990561,0.7814814814814814,nan,nan,0.6130329232113746,12,10%:0.10; 40%:0.10; 70%:0.10; 100%:1.00,10%:balanced; 40%:balanced; 70%:balanced; 100%:balanced,l2,,lbfgs,10%:42; 40%:42; 70%:42; 100%:42,1,10%:11648; 40%:11648; 70%:11648; 100%:11648,5632,88,22,traj_continuity:4; traj_reflection_count:4; tok_conf_prefix:2; tok_conf_recency:2; tok_logprob_recency:2,tok_gini_prefix:4; tok_gini_slope:3; traj_novelty:3; tok_logprob_prefix:2; traj_late_convergence:2,tok_conf_recency:4.9844; traj_reflection_count:4.2302; tok_conf_prefix:3.7987; tok_gini_prefix:2.5689; traj_continuity:1.7675,confidence:8.7831; trajectory:8.5929; uncertainty:4.3942; self_cert_logprob:2.4994; availability_meta:0.3736,0.0,,,nan,nan,nan,nan,nan,nan,es_svd_ms_rr_r1,0.9226,0.9505,-0.3450994280575227,-0.3464066132009439
id_summary,ms,lr_raw_rank,Logistic Regression (raw+rank),raw+rank,,0.9316193011023284,0.9940438034188035,0.9590354184216522,0.7425925925925926,nan,nan,0.9497492013830336,12,10%:1.00; 40%:1.00; 70%:10.00; 100%:10.00,10%:none; 40%:none; 70%:none; 100%:none,l2,,lbfgs,10%:42; 40%:42; 70%:42; 100%:42,1,10%:11648; 40%:11648; 70%:11648; 100%:11648,5632,88,38,tok_neg_entropy_prefix:4; tok_selfcert_prefix:4; tok_neg_entropy_recency:3; tok_selfcert_recency:3; tok_conf_recency:2,tok_logprob_prefix:4; tok_logprob_recency:4; traj_novelty:4; tok_gini_prefix:3; tok_gini_slope:2,traj_novelty:504.5678; tok_gini_prefix:157.7929; tok_logprob_prefix:151.2429; tok_logprob_recency:117.4078; tok_selfcert_prefix:49.7693,trajectory:569.6068; self_cert_logprob:362.3249; uncertainty:303.7649; confidence:58.2833; availability_meta:1.9401,0.13636363636363635,,,nan,nan,nan,nan,nan,nan,es_svd_ms_rr_r1,0.9226,0.9505,0.009019301102328403,0.008535418421652174
id_summary,ms,elasticnet_lr_raw_rank,Elastic-Net Logistic Regression (raw+rank),raw+rank,,0.9318218186513728,0.9936965811965811,0.9576345875629423,0.7425925925925926,nan,nan,0.9502117162098038,36,10%:1.00; 40%:1.00; 70%:10.00; 100%:10.00,10%:none; 40%:none; 70%:none; 100%:none,elasticnet,10%:0.9; 40%:0.9; 70%:0.9; 100%:0.9,saga,10%:42; 40%:42; 70%:42; 100%:42,3,10%:11648; 40%:11648; 70%:11648; 100%:11648,5632,88,36,tok_neg_entropy_prefix:4; tok_selfcert_prefix:4; tok_conf_recency:3; traj_novelty:3; tok_logprob_prefix:2,tok_logprob_recency:4; traj_novelty:4; tok_gini_prefix:2; tok_logprob_prefix:2; traj_continuity:2,traj_novelty:514.6178; tok_gini_prefix:171.1080; tok_logprob_recency:170.7635; tok_selfcert_prefix:130.1013; tok_neg_entropy_prefix:130.1013,trajectory:584.4771; self_cert_logprob:438.8272; uncertainty:387.6278; confidence:85.1512; availability_meta:1.7926,0.1875,,,nan,nan,nan,nan,nan,nan,es_svd_ms_rr_r1,0.9226,0.9505,0.009221818651372837,0.007134587562942274
id_summary,ms,l1_lr_raw_rank,L1 Logistic Regression (raw+rank),raw+rank,,0.9319389525766059,0.994181801994302,0.9583562728048423,0.7425925925925926,nan,nan,0.9503017619122953,36,10%:0.10; 40%:1.00; 70%:10.00; 100%:10.00,10%:balanced; 40%:none; 70%:none; 100%:none,l1,,saga,10%:42; 40%:42; 70%:42; 100%:42,3,10%:11648; 40%:11648; 70%:11648; 100%:11648,5632,88,32,tok_neg_entropy_prefix:4; tok_selfcert_prefix:4; tok_conf_recency:3; traj_novelty:3; tok_logprob_prefix:2,traj_novelty:4; tok_logprob_recency:3; tok_gini_prefix:2; tok_logprob_prefix:2; tok_neg_entropy_recency:2,traj_novelty:500.2654; tok_logprob_recency:174.2039; tok_gini_prefix:167.4560; tok_selfcert_prefix:151.6402; tok_neg_entropy_prefix:151.6402,trajectory:562.1324; self_cert_logprob:475.5131; uncertainty:421.7616; confidence:91.0631; availability_meta:1.3272,0.26136363636363635,,,nan,nan,nan,nan,nan,nan,es_svd_ms_rr_r1,0.9226,0.9505,0.009338952576605886,0.007856272804842246
id_summary,ms,linear_svm_raw_rank,Linear SVM (raw+rank),raw+rank,,0.9316039686573502,0.9938123219373219,0.9582727172363025,0.7388888888888889,nan,nan,0.9498102231224257,12,10%:0.10; 40%:10.00; 70%:10.00; 100%:10.00,10%:none; 40%:none; 70%:none; 100%:none,l2,,linear_svc,10%:42; 40%:42; 70%:42; 100%:42,1,10%:11648; 40%:11648; 70%:11648; 100%:11648,5632,88,38,tok_conf_recency:4; tok_neg_entropy_prefix:4; tok_selfcert_prefix:4; tok_gini_slope:2; tok_logprob_recency:2,traj_novelty:4; tok_gini_prefix:3; tok_logprob_prefix:3; tok_neg_entropy_recency:3; tok_selfcert_recency:3,traj_novelty:164.2979; tok_selfcert_prefix:137.2027; tok_neg_entropy_prefix:137.2027; tok_logprob_prefix:107.7544; tok_selfcert_recency:102.3553,self_cert_logprob:397.3685; uncertainty:317.2868; trajectory:189.6247; confidence:41.6968; availability_meta:0.6293,0.13636363636363635,,,nan,nan,nan,nan,nan,nan,es_svd_ms_rr_r1,0.9226,0.9505,0.009003968657350203,0.007772717236302462
id_summary,coding,lr_raw,Logistic Regression (raw),raw,,0.46530965122514417,0.43062500000000004,0.4978667654723993,0.52,nan,nan,0.5510141220634207,12,10%:1.00; 40%:0.01; 70%:0.10; 100%:0.10,10%:none; 40%:balanced; 70%:balanced; 100%:none,l2,,lbfgs,10%:42; 40%:42; 70%:42; 100%:42,1,10%:9088; 40%:9088; 70%:9088; 100%:9088,1600,25,16,tok_neg_entropy_prefix:4; traj_novelty:4; tok_selfcert_prefix:3; traj_continuity:3; tok_gini_prefix:2,tok_logprob_recency:4; tok_gini_slope:3; traj_max_reflection:3; tok_logprob_prefix:2; tok_neg_entropy_recency:2,traj_novelty:53.0783; tok_gini_prefix:36.5008; traj_continuity:28.6002; tok_neg_entropy_prefix:6.7678; tok_selfcert_prefix:6.7678,trajectory:88.1197; uncertainty:56.4243; self_cert_logprob:20.5538; confidence:0.9444; availability_meta:0.0000,0.2727272727272727,,,nan,nan,nan,nan,nan,nan,es_svd_coding_rr_r1,0.4342,0.4068,0.031109651225144197,0.09106676547239928
id_summary,coding,lr_rank,Logistic Regression (rank),rank,,0.4956647421436154,0.508125,0.49809189245808966,0.48,nan,nan,0.49918914212425064,12,10%:10.00; 40%:10.00; 70%:0.01; 100%:10.00,10%:none; 40%:none; 70%:balanced; 100%:none,l2,,lbfgs,10%:42; 40%:42; 70%:42; 100%:42,1,10%:9088; 40%:9088; 70%:9088; 100%:9088,1600,25,22,traj_novelty:3; tok_conf_prefix:2; tok_gini_prefix:2; tok_neg_entropy_recency:2; tok_selfcert_recency:2,tok_logprob_prefix:3; tok_neg_entropy_prefix:3; tok_selfcert_prefix:3; tok_conf_recency:2; tok_gini_prefix:2,tok_logprob_prefix:2.1084; tok_logprob_recency:1.7713; tok_neg_entropy_recency:1.2310; tok_selfcert_recency:1.2310; tok_conf_prefix:0.9674,self_cert_logprob:6.0625; uncertainty:3.1985; confidence:1.8192; trajectory:0.6916; availability_meta:0.0635,0.0,,,nan,nan,nan,nan,nan,nan,es_svd_coding_rr_r1,0.4342,0.4068,0.061464742143615414,0.09129189245808966
id_summary,coding,lr_raw_rank,Logistic Regression (raw+rank),raw+rank,,0.47461192954150705,0.4625,0.5414585414585414,0.6,nan,nan,0.5624518757477884,12,10%:1.00; 40%:0.01; 70%:0.10; 100%:0.10,10%:none; 40%:balanced; 70%:balanced; 100%:balanced,l2,,lbfgs,10%:42; 40%:42; 70%:42; 100%:42,1,10%:9088; 40%:9088; 70%:9088; 100%:9088,1600,25,38,traj_novelty:4; traj_continuity:3; tok_gini_prefix:2; tok_logprob_prefix:2; tok_neg_entropy_prefix:2,traj_max_reflection:4; tok_logprob_prefix:3; traj_novelty:3; tok_gini_prefix:2; tok_gini_tail:2,traj_novelty:85.6687; tok_gini_prefix:41.9004; traj_continuity:39.1749; traj_max_reflection:21.9131; tok_neg_entropy_prefix:10.1428,trajectory:152.3553; uncertainty:75.5385; self_cert_logprob:30.3819; confidence:2.6875; availability_meta:1.9152,0.13636363636363635,,,nan,nan,nan,nan,nan,nan,es_svd_coding_rr_r1,0.4342,0.4068,0.040411929541507075,0.13465854145854145
id_summary,coding,elasticnet_lr_raw_rank,Elastic-Net Logistic Regression (raw+rank),raw+rank,,0.4823772471659796,0.4625000000000001,0.5450558830840521,0.6,nan,nan,0.5637041606303109,36,10%:0.10; 40%:0.01; 70%:0.10; 100%:0.10,10%:none; 40%:balanced; 70%:balanced; 100%:balanced,elasticnet,10%:0.9; 40%:0.1; 70%:0.5; 100%:0.5,saga,10%:42; 40%:42; 70%:42; 100%:42,3,10%:9088; 40%:9088; 70%:9088; 100%:9088,1600,25,28,traj_novelty:4; traj_continuity:3; tok_gini_prefix:2; tok_neg_entropy_prefix:2; tok_selfcert_prefix:2,tok_gini_prefix:4; traj_max_reflection:4; traj_novelty:3; tok_gini_tail:2; tok_logprob_prefix:2,traj_novelty:78.6409; traj_continuity:37.5366; traj_max_reflection:20.8644; tok_gini_prefix:13.7059; tok_gini_slope:5.3300,trajectory:140.9874; uncertainty:30.7012; self_cert_logprob:10.2845; confidence:1.4643; availability_meta:1.2990,0.3579545454545454,,,nan,nan,nan,nan,nan,nan,es_svd_coding_rr_r1,0.4342,0.4068,0.0481772471659796,0.13825588308405207
id_summary,coding,l1_lr_raw_rank,L1 Logistic Regression (raw+rank),raw+rank,,0.4914481449692717,0.4918750000000001,0.5447416433331926,0.6,nan,nan,0.5633294525478525,36,10%:0.10; 40%:0.10; 70%:0.10; 100%:0.10,10%:none; 40%:balanced; 70%:balanced; 100%:balanced,l1,,saga,10%:42; 40%:42; 70%:42; 100%:42,3,10%:9088; 40%:9088; 70%:9088; 100%:9088,1600,25,24,traj_novelty:4; traj_continuity:3; tok_gini_prefix:2; tok_neg_entropy_prefix:2; traj_late_convergence:2,traj_max_reflection:4; traj_continuity:3; traj_novelty:3; tok_gini_tail:2; tok_logprob_prefix:2,traj_novelty:88.1980; traj_continuity:45.1231; traj_max_reflection:22.4588; tok_gini_prefix:14.1627; tok_gini_tail:4.5145,trajectory:159.4393; uncertainty:28.0952; self_cert_logprob:7.6076; confidence:1.2345; availability_meta:1.1672,0.45454545454545453,,,nan,nan,nan,nan,nan,nan,es_svd_coding_rr_r1,0.4342,0.4068,0.05724814496927172,0.13794164333319264
id_summary,coding,linear_svm_raw_rank,Linear SVM (raw+rank),raw+rank,,0.4782117725779698,0.4756250000000001,0.5399983428152442,0.6,nan,nan,0.5624721357919282,12,10%:0.10; 40%:0.01; 70%:0.01; 100%:0.01,10%:none; 40%:balanced; 70%:balanced; 100%:balanced,l2,,linear_svc,10%:42; 40%:42; 70%:42; 100%:42,1,10%:9088; 40%:9088; 70%:9088; 100%:9088,1600,25,38,traj_novelty:4; tok_neg_entropy_prefix:3; traj_continuity:3; tok_gini_prefix:2; tok_selfcert_prefix:2,tok_gini_prefix:4; traj_max_reflection:4; traj_novelty:3; tok_gini_tail:2; tok_logprob_prefix:2,traj_novelty:45.5714; tok_gini_prefix:24.6829; traj_continuity:22.5638; traj_max_reflection:11.3480; tok_selfcert_prefix:5.7652,trajectory:82.2692; uncertainty:42.5078; self_cert_logprob:15.8874; confidence:1.3953; availability_meta:0.9543,0.13636363636363635,,,nan,nan,nan,nan,nan,nan,es_svd_coding_rr_r1,0.4342,0.4068,0.04401177257796984,0.13319834281524418
anchor_route,coding,lr_raw,Logistic Regression (raw),raw,10,nan,nan,nan,nan,0.44709906681737666,0.52,0.5569880540384357,3,1.0,none,l2,,lbfgs,42,1,9088,1600,25,16,traj_novelty::raw:5.6275; tok_neg_entropy_recency::raw:4.4198; tok_selfcert_recency::raw:4.4198; tok_selfcert_prefix::raw:4.2172; tok_neg_entropy_prefix::raw:4.2172,tok_gini_prefix::raw:-20.2878; traj_continuity::raw:-2.4428; tok_logprob_prefix::raw:-1.4810; tok_logprob_recency::raw:-1.4179; tok_gini_slope::raw:-1.1864,tok_gini_prefix:20.2878; traj_novelty:5.6275; tok_neg_entropy_recency:4.4198; tok_selfcert_recency:4.4198; tok_selfcert_prefix:4.2172,uncertainty:30.7029; self_cert_logprob:11.5359; trajectory:8.4959; confidence:0.5721; availability_meta:0.0000,0.2727272727272727,,,nan,nan,nan,nan,nan,nan,,nan,nan,nan,nan
anchor_route,coding,lr_raw,Logistic Regression (raw),raw,40,nan,nan,nan,nan,0.45337917168903086,0.48,0.53709227911231,3,0.01,balanced,l2,,lbfgs,42,1,9088,1600,25,16,traj_novelty::raw:11.2359; traj_continuity::raw:3.1124; tok_gini_tail::raw:0.8867; tok_selfcert_prefix::raw:0.8121; tok_neg_entropy_prefix::raw:0.8121,traj_max_reflection::raw:-1.0519; tok_gini_slope::raw:-0.4341; tok_logprob_recency::raw:-0.2677; tok_logprob_prefix::raw:-0.1899; tok_conf_prefix::raw:-0.0812,traj_novelty:11.2359; traj_continuity:3.1124; traj_max_reflection:1.0519; tok_gini_tail:0.8867; tok_selfcert_prefix:0.8121,trajectory:15.4315; uncertainty:3.3584; self_cert_logprob:1.9752; confidence:0.1507; availability_meta:0.0000,0.2727272727272727,,,nan,nan,nan,nan,nan,nan,,nan,nan,nan,nan
anchor_route,coding,lr_raw,Logistic Regression (raw),raw,70,nan,nan,nan,nan,0.4923949290146473,0.56,0.5570211677044302,3,0.1,balanced,l2,,lbfgs,42,1,9088,1600,25,16,traj_novelty::raw:17.4994; traj_continuity::raw:11.6613; tok_gini_prefix::raw:5.2182; tok_neg_entropy_prefix::raw:1.4584; tok_selfcert_prefix::raw:1.4584,traj_max_reflection::raw:-2.2771; tok_logprob_recency::raw:-2.0331; tok_gini_tail::raw:-0.7133; tok_neg_entropy_recency::raw:-0.2470; tok_selfcert_recency::raw:-0.2470,traj_novelty:17.4994; traj_continuity:11.6613; tok_gini_prefix:5.2182; traj_max_reflection:2.2771; tok_logprob_recency:2.0331,trajectory:31.4834; uncertainty:8.9772; self_cert_logprob:3.7585; confidence:0.1492; availability_meta:0.0000,0.2727272727272727,,,nan,nan,nan,nan,nan,nan,,nan,nan,nan,nan
anchor_route,coding,lr_raw,Logistic Regression (raw),raw,100,nan,nan,nan,nan,0.4978667654723993,0.52,0.5529549873985071,3,0.1,none,l2,,lbfgs,42,1,9088,1600,25,16,traj_novelty::raw:18.7155; traj_continuity::raw:11.3836; tok_gini_prefix::raw:10.4747; tok_gini_tail::raw:1.4804; tok_neg_entropy_prefix::raw:0.2802,traj_max_reflection::raw:-2.4140; tok_logprob_recency::raw:-1.9777; tok_neg_entropy_recency::raw:-0.6587; tok_selfcert_recency::raw:-0.6587; tok_gini_slope::raw:-0.4919,traj_novelty:18.7155; traj_continuity:11.3836; tok_gini_prefix:10.4747; traj_max_reflection:2.4140; tok_logprob_recency:1.9777,trajectory:32.7088; uncertainty:13.3859; self_cert_logprob:3.2843; confidence:0.0723; availability_meta:0.0000,0.2727272727272727,,,nan,nan,nan,nan,nan,nan,,nan,nan,nan,nan
anchor_route,coding,lr_rank,Logistic Regression (rank),rank,10,nan,nan,nan,nan,0.4806367341578609,0.44,0.49980107683794744,3,10.0,none,l2,,lbfgs,42,1,9088,1600,25,22,tok_logprob_prefix::rank:0.9634; tok_gini_prefix::rank:0.5066; tok_conf_prefix::rank:0.3001; traj_late_convergence::rank:0.0481; traj_novelty::rank:0.0423,tok_logprob_recency::rank:-1.0007; tok_conf_recency::rank:-0.3051; tok_neg_entropy_prefix::rank:-0.1692; tok_selfcert_prefix::rank:-0.1692; traj_reflection_count::rank:-0.0545,tok_logprob_recency:1.0007; tok_logprob_prefix:0.9634; tok_gini_prefix:0.5066; tok_conf_recency:0.3051; tok_conf_prefix:0.3001,self_cert_logprob:2.1809; uncertainty:0.7647; confidence:0.6052; trajectory:0.2210; availability_meta:0.0135,0.0,,,nan,nan,nan,nan,nan,nan,,nan,nan,nan,nan
anchor_route,coding,lr_rank,Logistic Regression (rank),rank,40,nan,nan,nan,nan,0.5641854233403529,0.48,0.49625921408956025,3,10.0,none,l2,,lbfgs,42,1,9088,1600,25,22,tok_logprob_recency::rank:0.5948; tok_conf_prefix::rank:0.4449; tok_neg_entropy_recency::rank:0.3969; tok_selfcert_recency::rank:0.3969; tok_gini_prefix::rank:0.0918,tok_logprob_prefix::rank:-0.7698; tok_conf_recency::rank:-0.3856; tok_neg_entropy_prefix::rank:-0.3527; tok_selfcert_prefix::rank:-0.3527; tok_gini_slope::rank:-0.0633,tok_logprob_prefix:0.7698; tok_logprob_recency:0.5948; tok_conf_prefix:0.4449; tok_neg_entropy_recency:0.3969; tok_selfcert_recency:0.3969,self_cert_logprob:2.1142; uncertainty:0.9226; confidence:0.8305; trajectory:0.1066; availability_meta:0.0228,0.0,,,nan,nan,nan,nan,nan,nan,,nan,nan,nan,nan
anchor_route,coding,lr_rank,Logistic Regression (rank),rank,70,nan,nan,nan,nan,0.5663194395588762,0.48,0.4936783995526927,3,0.01,balanced,l2,,lbfgs,42,1,9088,1600,25,22,traj_novelty::rank:0.0638; traj_late_convergence::rank:0.0322; traj_continuity::rank:0.0249; tok_neg_entropy_prefix::rank:0.0197; tok_selfcert_prefix::rank:0.0197,traj_max_reflection::rank:-0.0449; tok_logprob_recency::rank:-0.0402; tok_gini_tail::rank:-0.0338; tok_logprob_prefix::rank:-0.0331; tok_gini_prefix::rank:-0.0129,traj_novelty:0.0638; traj_max_reflection:0.0449; tok_logprob_recency:0.0402; tok_gini_tail:0.0338; tok_logprob_prefix:0.0331,trajectory:0.1773; self_cert_logprob:0.1118; uncertainty:0.0920; availability_meta:0.0168; confidence:0.0022,0.0,,,nan,nan,nan,nan,nan,nan,,nan,nan,nan,nan
anchor_route,coding,lr_rank,Logistic Regression (rank),rank,100,nan,nan,nan,nan,0.4907486879317865,0.48,0.5070178780168022,3,10.0,none,l2,,lbfgs,42,1,9088,1600,25,22,tok_neg_entropy_recency::rank:0.7676; tok_selfcert_recency::rank:0.7676; tok_conf_recency::rank:0.1596; traj_novelty::rank:0.0857; traj_continuity::rank:0.0107,tok_neg_entropy_prefix::rank:-0.4102; tok_selfcert_prefix::rank:-0.4102; tok_logprob_prefix::rank:-0.3422; tok_conf_prefix::rank:-0.2217; tok_gini_prefix::rank:-0.1434,tok_neg_entropy_recency:0.7676; tok_selfcert_recency:0.7676; tok_neg_entropy_prefix:0.4102; tok_selfcert_prefix:0.4102; tok_logprob_prefix:0.3422,self_cert_logprob:1.6556; uncertainty:1.4192; confidence:0.3813; trajectory:0.1867; availability_meta:0.0105,0.0,,,nan,nan,nan,nan,nan,nan,,nan,nan,nan,nan
anchor_route,coding,lr_raw_rank,Logistic Regression (raw+rank),raw+rank,10,nan,nan,nan,nan,0.44255431579375243,0.48,0.5476849301536894,3,1.0,none,l2,,lbfgs,42,1,9088,1600,25,38,traj_novelty::raw:8.7251; tok_neg_entropy_recency::raw:6.3689; tok_selfcert_recency::raw:6.3689; tok_selfcert_prefix::raw:5.9044; tok_neg_entropy_prefix::raw:5.9044,tok_gini_prefix::raw:-30.1695; tok_logprob_prefix::raw:-2.0027; tok_logprob_recency::raw:-1.7748; traj_continuity::raw:-1.7553; traj_max_reflection::raw:-1.2280,tok_gini_prefix:31.7798; traj_novelty:9.1019; tok_neg_entropy_recency:7.0558; tok_selfcert_recency:7.0558; tok_selfcert_prefix:6.7687,uncertainty:46.9763; self_cert_logprob:19.1241; trajectory:14.8279; confidence:1.5071; availability_meta:0.8267,0.13636363636363635,,,nan,nan,nan,nan,nan,nan,,nan,nan,nan,nan
anchor_route,coding,lr_raw_rank,Logistic Regression (raw+rank),raw+rank,40,nan,nan,nan,nan,0.46275320923208246,0.4,0.5438286040658927,3,0.01,balanced,l2,,lbfgs,42,1,9088,1600,25,38,traj_novelty::raw:14.5881; traj_continuity::raw:3.4874; tok_gini_tail::raw:2.6761; tok_neg_entropy_prefix::raw:0.8334; tok_selfcert_prefix::raw:0.8334,traj_max_reflection::raw:-2.6933; traj_novelty::rank:-0.4644; tok_gini_tail::rank:-0.4422; tok_logprob_prefix::rank:-0.1767; traj_late_convergence::raw:-0.1267,traj_novelty:15.0525; traj_continuity:3.5193; traj_max_reflection:3.2093; tok_gini_tail:3.1183; tok_neg_entropy_prefix:0.8954,trajectory:22.2153; uncertainty:5.4750; self_cert_logprob:2.2641; confidence:0.2929; availability_meta:0.1395,0.13636363636363635,,,nan,nan,nan,nan,nan,nan,,nan,nan,nan,nan
anchor_route,coding,lr_raw_rank,Logistic Regression (raw+rank),raw+rank,70,nan,nan,nan,nan,0.47752091414063247,0.52,0.5801199134845486,3,0.1,balanced,l2,,lbfgs,42,1,9088,1600,25,38,traj_novelty::raw:29.8424; traj_continuity::raw:18.2863; tok_gini_slope::raw:4.7182; tok_gini_prefix::raw:2.2872; tok_logprob_prefix::raw:2.0250,traj_max_reflection::raw:-7.3820; tok_gini_tail::raw:-2.0348; traj_novelty::rank:-0.9032; tok_gini_slope::rank:-0.4948; traj_continuity::rank:-0.3998,traj_novelty:30.7457; traj_continuity:18.6861; traj_max_reflection:8.7399; tok_gini_slope:5.2130; tok_gini_prefix:2.6653,trajectory:58.3320; uncertainty:12.2911; self_cert_logprob:4.7259; confidence:0.5166; availability_meta:0.0335,0.13636363636363635,,,nan,nan,nan,nan,nan,nan,,nan,nan,nan,nan
anchor_route,coding,lr_raw_rank,Logistic Regression (raw+rank),raw+rank,100,nan,nan,nan,nan,0.49089877258891346,0.52,0.5781740552870228,3,0.1,balanced,l2,,lbfgs,42,1,9088,1600,25,38,traj_novelty::raw:29.8884; traj_continuity::raw:14.7906; tok_gini_prefix::raw:6.6666; tok_logprob_prefix::raw:1.7327; traj_late_convergence::rank:1.4526,traj_max_reflection::raw:-7.3188; traj_novelty::rank:-0.8802; traj_late_convergence::raw:-0.8512; tok_gini_prefix::rank:-0.5759; tok_logprob_prefix::rank:-0.4216,traj_novelty:30.7686; traj_continuity:15.1269; traj_max_reflection:8.5182; tok_gini_prefix:7.2426; traj_late_convergence:2.3038,trajectory:56.9801; uncertainty:10.7962; self_cert_logprob:4.2677; availability_meta:0.9156; confidence:0.3710,0.13636363636363635,,,nan,nan,nan,nan,nan,nan,,nan,nan,nan,nan
anchor_route,coding,elasticnet_lr_raw_rank,Elastic-Net Logistic Regression (raw+rank),raw+rank,10,nan,nan,nan,nan,0.4439613594543172,0.52,0.548025421620952,9,0.1,none,elasticnet,0.9,saga,42,3,9088,1600,25,30,traj_novelty::raw:5.5976; tok_neg_entropy_recency::raw:2.4134; tok_selfcert_recency::raw:2.4134; tok_selfcert_prefix::raw:1.2647; tok_neg_entropy_prefix::raw:1.2647,traj_continuity::raw:-2.9587; tok_gini_prefix::raw:-1.2102; traj_max_reflection::raw:-0.9649; tok_logprob_recency::raw:-0.9185; traj_late_convergence::raw:-0.4861,traj_novelty:5.7931; traj_continuity:3.0976; tok_neg_entropy_recency:2.7264; tok_selfcert_recency:2.7264; traj_late_convergence:1.4200,trajectory:11.4506; uncertainty:5.6866; self_cert_logprob:4.9206; confidence:0.7218; availability_meta:0.4795,0.31818181818181823,,,nan,nan,nan,nan,nan,nan,,nan,nan,nan,nan
anchor_route,coding,elasticnet_lr_raw_rank,Elastic-Net Logistic Regression (raw+rank),raw+rank,40,nan,nan,nan,nan,0.4693209763632299,0.4,0.542599240952336,9,0.01,balanced,elasticnet,0.1,saga,42,3,9088,1600,25,26,traj_novelty::raw:13.1146; tok_gini_tail::raw:2.4567; traj_continuity::raw:2.1638; tok_neg_entropy_prefix::raw:0.6757; tok_selfcert_prefix::raw:0.6757,traj_max_reflection::raw:-2.4821; traj_novelty::rank:-0.3994; tok_gini_tail::rank:-0.3987; tok_logprob_prefix::rank:-0.1577; tok_gini_prefix::rank:-0.0733,traj_novelty:13.5141; traj_max_reflection:2.9455; tok_gini_tail:2.8554; traj_continuity:2.1726; tok_neg_entropy_prefix:0.6832,trajectory:18.7031; uncertainty:4.2461; self_cert_logprob:1.4939; confidence:0.0932; availability_meta:0.0000,0.40909090909090906,,,nan,nan,nan,nan,nan,nan,,nan,nan,nan,nan
anchor_route,coding,elasticnet_lr_raw_rank,Elastic-Net Logistic Regression (raw+rank),raw+rank,70,nan,nan,nan,nan,0.4816357351568619,0.52,0.5817063802297798,9,0.1,balanced,elasticnet,0.5,saga,42,3,9088,1600,25,28,traj_novelty::raw:29.0303; traj_continuity::raw:17.5624; tok_gini_slope::raw:4.0749; tok_gini_prefix::raw:2.8783; tok_logprob_prefix::raw:1.3326,traj_max_reflection::raw:-7.2307; tok_gini_tail::raw:-1.2461; traj_novelty::rank:-0.8412; tok_gini_prefix::rank:-0.4190; tok_gini_slope::rank:-0.4174,traj_novelty:29.8715; traj_continuity:17.9060; traj_max_reflection:8.5514; tok_gini_slope:4.4923; tok_gini_prefix:3.2973,trajectory:56.4692; uncertainty:10.4856; self_cert_logprob:2.9193; confidence:0.3380; availability_meta:0.0111,0.36363636363636365,,,nan,nan,nan,nan,nan,nan,,nan,nan,nan,nan
anchor_route,coding,elasticnet_lr_raw_rank,Elastic-Net Logistic Regression (raw+rank),raw+rank,100,nan,nan,nan,nan,0.4959907072583129,0.56,0.5824855997181756,9,0.1,balanced,elasticnet,0.5,saga,42,3,9088,1600,25,29,traj_novelty::raw:28.6606; traj_continuity::raw:14.0783; tok_gini_prefix::raw:8.7382; traj_late_convergence::rank:1.2907; traj_max_reflection::rank:1.1561,traj_max_reflection::raw:-7.0813; traj_novelty::rank:-0.8017; traj_late_convergence::raw:-0.7650; tok_logprob_prefix::rank:-0.4128; tok_gini_prefix::rank:-0.3869,traj_novelty:29.4622; traj_continuity:14.3604; tok_gini_prefix:9.1251; traj_max_reflection:8.2374; traj_late_convergence:2.0557,trajectory:54.3644; uncertainty:10.2829; self_cert_logprob:0.9508; availability_meta:0.8084; confidence:0.3112,0.34090909090909094,,,nan,nan,nan,nan,nan,nan,,nan,nan,nan,nan
anchor_route,coding,l1_lr_raw_rank,L1 Logistic Regression (raw+rank),raw+rank,10,nan,nan,nan,nan,0.4456169808282484,0.52,0.5478835303090039,9,0.1,none,l1,,saga,42,3,9088,1600,25,27,traj_novelty::raw:5.4166; tok_selfcert_recency::raw:2.7614; tok_neg_entropy_recency::raw:2.7614; traj_late_convergence::rank:0.8833; tok_neg_entropy_prefix::raw:0.4921,traj_continuity::raw:-3.0284; traj_max_reflection::raw:-0.9514; tok_logprob_recency::raw:-0.7117; traj_late_convergence::raw:-0.4617; tok_conf_prefix::raw:-0.4437,traj_novelty:5.5997; traj_continuity:3.1714; tok_selfcert_recency:3.0633; tok_neg_entropy_recency:3.0633; traj_late_convergence:1.3450,trajectory:11.2361; self_cert_logprob:4.2730; uncertainty:4.0579; confidence:0.6651; availability_meta:0.4509,0.38636363636363635,,,nan,nan,nan,nan,nan,nan,,nan,nan,nan,nan
anchor_route,coding,l1_lr_raw_rank,L1 Logistic Regression (raw+rank),raw+rank,40,nan,nan,nan,nan,0.4869277827024306,0.4,0.5424727597863338,9,0.1,balanced,l1,,saga,42,3,9088,1600,25,19,traj_novelty::raw:24.5817; traj_continuity::raw:11.0746; tok_gini_tail::raw:2.9999; tok_neg_entropy_prefix::raw:1.1043; tok_selfcert_prefix::raw:1.1043,traj_max_reflection::raw:-4.1786; traj_novelty::rank:-0.7573; tok_gini_tail::rank:-0.5130; traj_continuity::rank:-0.2137; tok_logprob_prefix::rank:-0.1855,traj_novelty:25.3390; traj_continuity:11.2883; traj_max_reflection:4.9950; tok_gini_tail:3.5129; tok_neg_entropy_prefix:1.1043,trajectory:41.7239; uncertainty:4.8605; self_cert_logprob:1.2898; confidence:0.0997; availability_meta:0.0000,0.5681818181818181,,,nan,nan,nan,nan,nan,nan,,nan,nan,nan,nan
anchor_route,coding,l1_lr_raw_rank,L1 Logistic Regression (raw+rank),raw+rank,70,nan,nan,nan,nan,0.4879549245746429,0.52,0.5812339754350178,9,0.1,balanced,l1,,saga,42,3,9088,1600,25,27,traj_novelty::raw:28.3034; traj_continuity::raw:16.8934; tok_gini_prefix::raw:4.8628; tok_gini_slope::raw:3.4160; traj_max_reflection::rank:1.2920,traj_max_reflection::raw:-7.1146; traj_novelty::rank:-0.7760; tok_gini_tail::raw:-0.4831; tok_gini_prefix::rank:-0.3886; tok_gini_slope::rank:-0.3422,traj_novelty:29.0794; traj_continuity:17.1767; traj_max_reflection:8.4067; tok_gini_prefix:5.2514; tok_gini_slope:3.7581,trajectory:54.7969; uncertainty:10.0570; self_cert_logprob:1.7253; confidence:0.2157; availability_meta:0.0035,0.38636363636363635,,,nan,nan,nan,nan,nan,nan,,nan,nan,nan,nan
anchor_route,coding,l1_lr_raw_rank,L1 Logistic Regression (raw+rank),raw+rank,100,nan,nan,nan,nan,0.49754470881231444,0.56,0.5817275446610541,9,0.1,balanced,l1,,saga,42,3,9088,1600,25,23,traj_novelty::raw:27.4524; traj_continuity::raw:13.2617; tok_gini_prefix::raw:8.6216; traj_late_convergence::rank:1.1485; traj_max_reflection::rank:1.1072,traj_max_reflection::raw:-6.8367; traj_novelty::rank:-0.7274; traj_late_convergence::raw:-0.6907; tok_logprob_prefix::rank:-0.3194; traj_continuity::rank:-0.2251,traj_novelty:28.1798; traj_continuity:13.4868; tok_gini_prefix:8.8375; traj_max_reflection:7.9439; traj_late_convergence:1.8391,trajectory:51.6824; uncertainty:9.1198; availability_meta:0.7128; self_cert_logprob:0.3194; confidence:0.2540,0.4772727272727273,,,nan,nan,nan,nan,nan,nan,,nan,nan,nan,nan
anchor_route,coding,linear_svm_raw_rank,Linear SVM (raw+rank),raw+rank,10,nan,nan,nan,nan,0.4441442751301906,0.52,0.5471258785606774,3,0.1,none,l2,,linear_svc,42,1,9088,1600,25,38,traj_novelty::raw:3.7603; tok_selfcert_recency::raw:2.9257; tok_neg_entropy_recency::raw:2.9257; tok_selfcert_prefix::raw:2.6403; tok_neg_entropy_prefix::raw:2.6403,tok_gini_prefix::raw:-13.4601; traj_continuity::raw:-0.9142; tok_logprob_prefix::raw:-0.8429; tok_logprob_recency::raw:-0.8226; traj_max_reflection::raw:-0.5604,tok_gini_prefix:14.1864; traj_novelty:3.9229; tok_selfcert_recency:3.2000; tok_neg_entropy_recency:3.2000; tok_selfcert_prefix:3.0711,uncertainty:21.2516; self_cert_logprob:8.7333; trajectory:6.6359; confidence:0.7153; availability_meta:0.3718,0.13636363636363635,,,nan,nan,nan,nan,nan,nan,,nan,nan,nan,nan
anchor_route,coding,linear_svm_raw_rank,Linear SVM (raw+rank),raw+rank,40,nan,nan,nan,nan,0.47120954163207684,0.44,0.5430283209070749,3,0.01,balanced,l2,,linear_svc,42,1,9088,1600,25,38,traj_novelty::raw:12.9978; traj_continuity::raw:6.3155; tok_gini_tail::raw:1.7884; tok_neg_entropy_prefix::raw:1.2964; tok_selfcert_prefix::raw:1.2964,tok_gini_prefix::raw:-5.6214; traj_max_reflection::raw:-2.2095; traj_novelty::rank:-0.4441; tok_gini_tail::rank:-0.3204; tok_logprob_recency::raw:-0.2761,traj_novelty:13.4418; traj_continuity:6.4919; tok_gini_prefix:5.6657; traj_max_reflection:2.6476; tok_gini_tail:2.1087,trajectory:23.0024; uncertainty:10.2889; self_cert_logprob:3.1731; confidence:0.2684; availability_meta:0.1412,0.13636363636363635,,,nan,nan,nan,nan,nan,nan,,nan,nan,nan,nan
anchor_route,coding,linear_svm_raw_rank,Linear SVM (raw+rank),raw+rank,70,nan,nan,nan,nan,0.47576992647415184,0.52,0.5811076021595735,3,0.01,balanced,l2,,linear_svc,42,1,9088,1600,25,38,traj_novelty::raw:13.6262; traj_continuity::raw:8.1663; tok_gini_slope::raw:2.2097; tok_gini_prefix::raw:1.2483; tok_neg_entropy_prefix::raw:0.8743,traj_max_reflection::raw:-3.4316; tok_gini_tail::raw:-0.9493; traj_novelty::rank:-0.4161; tok_gini_slope::rank:-0.2334; tok_gini_prefix::rank:-0.1862,traj_novelty:14.0423; traj_continuity:8.3453; traj_max_reflection:4.0617; tok_gini_slope:2.4431; tok_gini_prefix:1.4345,trajectory:26.5177; uncertainty:5.8814; self_cert_logprob:2.0746; confidence:0.2306; availability_meta:0.0117,0.13636363636363635,,,nan,nan,nan,nan,nan,nan,,nan,nan,nan,nan
anchor_route,coding,linear_svm_raw_rank,Linear SVM (raw+rank),raw+rank,100,nan,nan,nan,nan,0.48967464460422205,0.52,0.5786267415403872,3,0.01,balanced,l2,,linear_svc,42,1,9088,1600,25,38,traj_novelty::raw:13.7590; traj_continuity::raw:6.6210; tok_gini_prefix::raw:3.1195; tok_logprob_prefix::raw:0.8156; traj_late_convergence::rank:0.6814,traj_max_reflection::raw:-3.4168; traj_novelty::rank:-0.4054; traj_late_convergence::raw:-0.4003; tok_gini_prefix::rank:-0.2767; tok_logprob_prefix::rank:-0.1841,traj_novelty:14.1644; traj_continuity:6.7708; traj_max_reflection:3.9769; tok_gini_prefix:3.3962; traj_late_convergence:1.0817,trajectory:26.1132; uncertainty:5.0858; self_cert_logprob:1.9063; availability_meta:0.4296; confidence:0.1810,0.13636363636363635,,,nan,nan,nan,nan,nan,nan,,nan,nan,nan,nan
ood_summary,coding,lr_raw,Logistic Regression (raw),raw,,0.46530965122514417,0.43062500000000004,0.4978667654723993,0.52,nan,nan,nan,,,,l2,,lbfgs,,,,,,,,,,,nan,cache_root_withheld,1,nan,0.0,nan,0.0,nan,nan,es_svd_coding_rr_r1,nan,nan,nan,nan
ood_summary,coding,lr_raw,Logistic Regression (raw),raw,,0.46530965122514417,0.43062500000000004,0.4978667654723993,0.52,nan,nan,nan,,,,l2,,lbfgs,,,,,,,,,,,nan,model_family_withheld,1,nan,0.0,nan,0.0,nan,nan,es_svd_coding_rr_r1,nan,nan,nan,nan
ood_summary,coding,lr_rank,Logistic Regression (rank),rank,,0.4956647421436154,0.508125,0.49809189245808966,0.48,nan,nan,nan,,,,l2,,lbfgs,,,,,,,,,,,nan,cache_root_withheld,1,nan,0.0,nan,0.0,nan,nan,es_svd_coding_rr_r1,nan,nan,nan,nan
ood_summary,coding,lr_rank,Logistic Regression (rank),rank,,0.4956647421436154,0.508125,0.49809189245808966,0.48,nan,nan,nan,,,,l2,,lbfgs,,,,,,,,,,,nan,model_family_withheld,1,nan,0.0,nan,0.0,nan,nan,es_svd_coding_rr_r1,nan,nan,nan,nan
ood_summary,coding,lr_raw_rank,Logistic Regression (raw+rank),raw+rank,,0.47461192954150705,0.4625,0.5414585414585414,0.6,nan,nan,nan,,,,l2,,lbfgs,,,,,,,,,,,nan,cache_root_withheld,1,nan,0.0,nan,0.0,nan,nan,es_svd_coding_rr_r1,nan,nan,nan,nan
ood_summary,coding,lr_raw_rank,Logistic Regression (raw+rank),raw+rank,,0.47461192954150705,0.4625,0.5414585414585414,0.6,nan,nan,nan,,,,l2,,lbfgs,,,,,,,,,,,nan,model_family_withheld,1,nan,0.0,nan,0.0,nan,nan,es_svd_coding_rr_r1,nan,nan,nan,nan
ood_summary,coding,elasticnet_lr_raw_rank,Elastic-Net Logistic Regression (raw+rank),raw+rank,,0.4823772471659796,0.4625000000000001,0.5450558830840521,0.6,nan,nan,nan,,,,elasticnet,,saga,,,,,,,,,,,nan,cache_root_withheld,1,nan,0.0,nan,0.0,nan,nan,es_svd_coding_rr_r1,nan,nan,nan,nan
ood_summary,coding,elasticnet_lr_raw_rank,Elastic-Net Logistic Regression (raw+rank),raw+rank,,0.4823772471659796,0.4625000000000001,0.5450558830840521,0.6,nan,nan,nan,,,,elasticnet,,saga,,,,,,,,,,,nan,model_family_withheld,1,nan,0.0,nan,0.0,nan,nan,es_svd_coding_rr_r1,nan,nan,nan,nan
ood_summary,coding,l1_lr_raw_rank,L1 Logistic Regression (raw+rank),raw+rank,,0.4914481449692717,0.4918750000000001,0.5447416433331926,0.6,nan,nan,nan,,,,l1,,saga,,,,,,,,,,,nan,cache_root_withheld,1,nan,0.0,nan,0.0,nan,nan,es_svd_coding_rr_r1,nan,nan,nan,nan
ood_summary,coding,l1_lr_raw_rank,L1 Logistic Regression (raw+rank),raw+rank,,0.4914481449692717,0.4918750000000001,0.5447416433331926,0.6,nan,nan,nan,,,,l1,,saga,,,,,,,,,,,nan,model_family_withheld,1,nan,0.0,nan,0.0,nan,nan,es_svd_coding_rr_r1,nan,nan,nan,nan
ood_summary,coding,linear_svm_raw_rank,Linear SVM (raw+rank),raw+rank,,0.4782117725779698,0.4756250000000001,0.5399983428152442,0.6,nan,nan,nan,,,,l2,,linear_svc,,,,,,,,,,,nan,cache_root_withheld,1,nan,0.0,nan,0.0,nan,nan,es_svd_coding_rr_r1,nan,nan,nan,nan
ood_summary,coding,linear_svm_raw_rank,Linear SVM (raw+rank),raw+rank,,0.4782117725779698,0.4756250000000001,0.5399983428152442,0.6,nan,nan,nan,,,,l2,,linear_svc,,,,,,,,,,,nan,model_family_withheld,1,nan,0.0,nan,0.0,nan,nan,es_svd_coding_rr_r1,nan,nan,nan,nan
